gene,guide_rna,off_target_sequence,cfd_score
arhgap11a,GAAAGTCTGGCTCTGTGGTGCGG,GAAGCCTGGCTTTGTGGTGGGGA,0.57
arhgap11a,GAAAGTCTGGCTCTGTGGTGCGG,GGACTTTGGCTCTGTGGTGGGGT,0.39
arhgap11a,GAAAGTCTGGCTCTGTGGTGCGG,GAACTTTGACTCAGTGGTGTGGC,0.37
arhgap11a,GAAAGTCTGGCTCTGTGGTGCGG,AAAGTCAGGATCTGTGATGTGGG,0.35
arhgap11a,GAAAGTCTGGCTCTGTGGTGCGG,CAGAAGTTTGGCTCAGCGGTGAG,0.3
arhgap11a,GAAAGTCTGGCTCTGTGGTGCGG,CGGAAGTCTGTCTATGTGGTAGG,0.29
arhgap11a,GAAAGTCTGGCTCTGTGGTGCGG,GACTTCCGTCAGAGCTATCGACA,0.26
arhgap11a,GAAAGTCTGGCTCTGTGGTGCGG,TAAGACTGTCGCTGTGGTGCGGA,0.22
arhgap11a,GAAAGTCTGGCTCTGTGGTGCGG,TGGTAATATGCCTCTGTGGTGGG,0.18
arhgap11a,GAAAGTCTGGCTCTGTGGTGCGG,ATGAAGCCTGGCTCTGTGCAGTG,0.12
arhgap11a,GAAAGTCTGGCTCTGTGGTGCGG,CTGCCGTTTGGCTCTGTGGTGGG,0.12
arhgap11a,GAAAGTCTGGCTCTGTGGTGCGG,TCTGTCTGGCTCTGTGATGAGGG,0.12
arhgap11a,GAAAGTCTGGCTCTGTGGTGCGG,AGGAAGTCTGAATCTGTCTTGTG,0.11
arhgap11a,GAAAGTCTGGCTCTGTGGTGCGG,GATATCTGGCACTGTGGTGCAGA,0.1
arhgap11a,GAAAGTCTGGCTCTGTGGTGCGG,AGGATATTTGTCTCTGTGGTGCA,0.09
arhgap11a,GAAAGTCTGGCTCTGTGGTGCGG,ACGAACTCTGACTCTGTGATGTA,0.09
arhgap11a,GAAAGTCTGGCTCTGTGGTGCGG,TCTCAGTCTGGCTCTGTGCTGAG,0.09
arhgap11a,GAAAGTCTGGCTCTGTGGTGCGG,ACCAAGTCTGGCTCTGTTGTTCG,0.09
arhgap11a,GAAAGTCTGGCTCTGTGGTGCGG,CTAGTCTGGCTTTGTGGTACAGG,0.08
arhgap11a,GAAAGTCTGGCTCTGTGGTGCGG,CTAGTCTGGCTTTGTGGTACAGG,0.08
arhgap11a,GAAAGTCTGGCTCTGTGGTGCGG,GGGATGTCTGGCACTGAGATGGA,0.08
arhgap11a,GAAAGTCTGGCTCTGTGGTGCGG,GAAGTCAAACTCTGTGTTGTAGT,0.08
arhgap11a,GAAAGTCTGGCTCTGTGGTGCGG,GTTAAGCCTGGCTGTGTGGTGGG,0.08
arhgap11a,GAAAGTCTGGCTCTGTGGTGCGG,AGAAAGTCTGGCTTTTAGGTGTG,0.08
arhgap11a,GAAAGTCTGGCTCTGTGGTGCGG,CAGAAGGCTGGCACTGCGGTGCA,0.07
arhgap11a,GAAAGTCTGGCTCTGTGGTGCGG,CAGAAGGCTGGCACTGCGGTGCA,0.07
arhgap11a,GAAAGTCTGGCTCTGTGGTGCGG,ACAGTTTGGCTCTGAGGTGCAGT,0.07
arhgap11a,GAAAGTCTGGCTCTGTGGTGCGG,CAGAAGTCTGGATCTGAGGTGGC,0.07
arhgap11a,GAAAGTCTGGCTCTGTGGTGCGG,GAAGTCACGCACTGTGGTGCAGC,0.06
arhgap11a,GAAAGTCTGGCTCTGTGGTGCGG,GAAGTGTGGCTCAGTGGTAGAGC,0.06
arhgap11a,TGGGAAGCTCCTGGGCCTTCAGG,GAGAAGTTCCAAGGCCTTCGGGT,0.48
arhgap11a,TGGGAAGCTCCTGGGCCTTCAGG,GAGAAGTTCCAAGGCCTTCGGGT,0.48
arhgap11a,TGGGAAGCTCCTGGGCCTTCAGG,AGATTACTGTGTGTGTGTGTCTG,0.48
arhgap11a,TGGGAAGCTCCTGGGCCTTCAGG,AGGAGAAGTTCCAAGGCCTTCGG,0.48
arhgap11a,TGGGAAGCTCCTGGGCCTTCAGG,GAGAAGTTCCAAGGCCTTCGGGT,0.48
arhgap11a,TGGGAAGCTCCTGGGCCTTCAGG,ATGGAGCTCCCGGGCCTTCTGGC,0.29
arhgap11a,TGGGAAGCTCCTGGGCCTTCAGG,CACACGTCAGCTCTACAAAGCTG,0.28
arhgap11a,TGGGAAGCTCCTGGGCCTTCAGG,GAGAATCTCCAGAGCCTTCAGGC,0.26
arhgap11a,TGGGAAGCTCCTGGGCCTTCAGG,AGCTGGAGCTCCTGGACCTTCTG,0.23
arhgap11a,TGGGAAGCTCCTGGGCCTTCAGG,TAGAAGCTCCTGGGCCATCAGGG,0.23
arhgap11a,TGGGAAGCTCCTGGGCCTTCAGG,AGGGATATCCTGGGCCTTCTGGT,0.23
arhgap11a,TGGGAAGCTCCTGGGCCTTCAGG,GGGAAGTACCTGGCCCTTCTGGG,0.2
arhgap11a,TGGGAAGCTCCTGGGCCTTCAGG,AGGGAAGGCTTCTGGCCCTTCCG,0.17
arhgap11a,TGGGAAGCTCCTGGGCCTTCAGG,CAGAAGCTCCTGGGCCTTTTGGT,0.16
arhgap11a,TGGGAAGCTCCTGGGCCTTCAGG,GAGGAGCTTCTGGGCCTTTAGGG,0.15
arhgap11a,TGGGAAGCTCCTGGGCCTTCAGG,GAGGAGCTTCTGGGCCTTTAGGG,0.15
arhgap11a,TGGGAAGCTCCTGGGCCTTCAGG,GGAAAGCTCCTGGACCTGATGGT,0.11
arhgap11a,TGGGAAGCTCCTGGGCCTTCAGG,AGGGAAAGCTCCTGGACCTGATG,0.11
arhgap11a,TGGGAAGCTCCTGGGCCTTCAGG,AGGGAAAGCTCCTGGACCTGATG,0.11
arhgap11a,TGGGAAGCTCCTGGGCCTTCAGG,GGCTGAAGATCCTGCGCCTTCGG,0.1
arhgap11a,TGGGAAGCTCCTGGGCCTTCAGG,TAGGGCTGCTCCTGGGCCTGCTG,0.08
arhgap11a,TGGGAAGCTCCTGGGCCTTCAGG,CAGGGAAGCTCATGGGCCCCCGG,0.08
arhgap11a,TGGGAAGCTCCTGGGCCTTCAGG,GGGGAGCTGATGGGTCTTCAGGT,0.06
arhgap11a,TGGGAAGCTCCTGGGCCTTCAGG,TGGAGAACTTCCTGGGCTTTCTA,0.05
arhgap11a,TGGGAAGCTCCTGGGCCTTCAGG,GGGAACATCCTGGGCTTTCTAGT,0.05
arhgap11a,TGGGAAGCTCCTGGGCCTTCAGG,CACCCAAGAACGGTTAAGCCAAA,0.04
arhgap11a,TGGGAAGCTCCTGGGCCTTCAGG,GGTAGAAGCTCCTGGGTCTTTTG,0.04
arhgap11a,TGGGAAGCTCCTGGGCCTTCAGG,GAGTGAAGCTGCAGGGCCTTCAA,0.04
arhgap11a,TGGGAAGCTCCTGGGCCTTCAGG,TAGAGAAGCTCCTCGGCTTTCAA,0.03
arhgap11a,TGGGAAGCTCCTGGGCCTTCAGG,GGGGGAAAATATTTCTCTAGTGG,0.03
arhgap11a,TGGCCGTCGTTCAGCATCTTCGG,ACAAACAAATGGTCATCACCATT,0.26
arhgap11a,TGGCCGTCGTTCAGCATCTTCGG,GGTTCTCCTTCAGCATCTTTGGG,0.19
arhgap11a,TGGCCGTCGTTCAGCATCTTCGG,GGTTCTCCTTCAGCATCTTTGGG,0.19
arhgap11a,TGGCCGTCGTTCAGCATCTTCGG,GGTTCTCCTTCAGCATCTTTGGG,0.19
arhgap11a,TGGCCGTCGTTCAGCATCTTCGG,CGGGACGAGGTTCATCATCTTTG,0.13
arhgap11a,TGGCCGTCGTTCAGCATCTTCGG,AGTGCCATTCTTCAGCATCTTTA,0.08
arhgap11a,TGGCCGTCGTTCAGCATCTTCGG,GGGCGTCATTCAGCATTATGGGC,0.06
arhgap11a,TGGCCGTCGTTCAGCATCTTCGG,AGCGCAGAAGTTCAGCATCTTTA,0.06
arhgap11a,TGGCCGTCGTTCAGCATCTTCGG,GGCTGTCGATAAGCATGTTGGGC,0.05
arhgap11a,TGGCCGTCGTTCAGCATCTTCGG,GTCCTTCGTTCAGCAGCTTAGGG,0.04
arhgap11a,TGGCCGTCGTTCAGCATCTTCGG,CTGGCCGATGTTCAGCGTCTTGA,0.04
arhgap11a,TGGCCGTCGTTCAGCATCTTCGG,AGGGCCATAATTCAGCATCATGA,0.03
arhgap11a,TGGCCGTCGTTCAGCATCTTCGG,AGCGCCAAAGTTCAGCATCTTTG,0.03
arhgap11a,TGGCCGTCGTTCAGCATCTTCGG,GGCCGTCGCACAGAATCTTCAGT,0.02
arhgap11a,TGGCCGTCGTTCAGCATCTTCGG,AGGGCCGGTGTTCTGCATATTTA,0.02
arhgap11a,TGGCCGTCGTTCAGCATCTTCGG,GGCAGTAGGTGAGCATCTTTAGA,0.02
arhgap11a,TGGCCGTCGTTCAGCATCTTCGG,TGGGCCGTCGTCCGAAATCTTGA,0.02
arhgap11a,TGGCCGTCGTTCAGCATCTTCGG,GGGCGTGGTTCAGCATATTCCGC,0.02
arhgap11a,TGGCCGTCGTTCAGCATCTTCGG,CTGGCTGGCGTTCACCATCTTCC,0.02
arhgap11a,TGGCCGTCGTTCAGCATCTTCGG,TGAGGCGTCGTTCAGCATAATAA,0.02
arhgap11a,TGGCCGTCGTTCAGCATCTTCGG,AGGGCTGTTGATCAGCATCATGC,0.01
arhgap11a,TGGCCGTCGTTCAGCATCTTCGG,GGCCTTCTGTCTGCATCTTCAGG,0.01
arhgap11a,TGGCCGTCGTTCAGCATCTTCGG,GACAGACGTTCAGCATCTTTTGA,0.01
arhgap11a,TGGCCGTCGTTCAGCATCTTCGG,TGGGCCTCCGTTTAACATCTTTG,0.01
arhgap11a,TGGCCGTCGTTCAGCATCTTCGG,GTCAGTGGTTCATCATCTTCAGC,0.01
arhgap11a,TGGCCGTCGTTCAGCATCTTCGG,GGTCGTCGTTCTCCATCTTTCGG,0.01
arhgap11a,TGGCCGTCGTTCAGCATCTTCGG,GGCCCTGGTTCAGCATTTTCTGG,0.01
arhgap11a,TGGCCGTCGTTCAGCATCTTCGG,TTGACTGTCGTTCAGCATCTAGT,0.01
arhgap11a,TGGCCGTCGTTCAGCATCTTCGG,TGGGCAGACGTGCAACATCTTTG,0.01
arhgap11a,TGGCCGTCGTTCAGCATCTTCGG,GGCCATTGTTTAGCGTCTTGCGT,0.01
arhgap11a,TGGTGCGGGTCAAAAGCCTCCGG,GTTGAGAGTAAAAAGCCTCAGGG,0.35
arhgap11a,TGGTGCGGGTCAAAAGCCTCCGG,TGTGAGGGTCGATAGCCTCTGGT,0.23
arhgap11a,TGGTGCGGGTCAAAAGCCTCCGG,TGTGTGCGTGTCAGAAGCATCTG,0.14
arhgap11a,TGGTGCGGGTCAAAAGCCTCCGG,AGGGTGTGGGACAAAAGCTGCGG,0.13
arhgap11a,TGGTGCGGGTCAAAAGCCTCCGG,GGTCAGGGTCAAACGCTTCCGGT,0.13
arhgap11a,TGGTGCGGGTCAAAAGCCTCCGG,GGTGTGGGACAAAAGCTGCGGGA,0.13
arhgap11a,TGGTGCGGGTCAAAAGCCTCCGG,GGTGTGGGACAAAAGCTGCGGGA,0.13
arhgap11a,TGGTGCGGGTCAAAAGCCTCCGG,CTTGCGGGTCCAAAGCCTCCGGA,0.09
arhgap11a,TGGTGCGGGTCAAAAGCCTCCGG,TGGGTGTCGGGCAAAAACCTCCA,0.08
arhgap11a,TGGTGCGGGTCAAAAGCCTCCGG,TGGGTGTCGGGCAAAAACCTCCA,0.08
arhgap11a,TGGTGCGGGTCAAAAGCCTCCGG,TGGGTGTCGGGCAAAAACCTCCA,0.08
arhgap11a,TGGTGCGGGTCAAAAGCCTCCGG,TGGGTGTCGGGCAAAAACCTCCA,0.08
arhgap11a,TGGTGCGGGTCAAAAGCCTCCGG,TGGGTGTCGGGCAAAAACCTCCA,0.08
arhgap11a,TGGTGCGGGTCAAAAGCCTCCGG,TGGGTGTCGGGCAAAAACCTCCA,0.08
arhgap11a,TGGTGCGGGTCAAAAGCCTCCGG,TGGGTGTCGGGCAAAAACCTCCA,0.08
arhgap11a,TGGTGCGGGTCAAAAGCCTCCGG,TGGGTGTCGGGCAAAAACCTCCA,0.08
arhgap11a,TGGTGCGGGTCAAAAGCCTCCGG,TGGGTGTCGGGCAAAAACCTCCA,0.08
arhgap11a,TGGTGCGGGTCAAAAGCCTCCGG,TGGGTGTCGGGCAAAAACCTCCA,0.08
arhgap11a,TGGTGCGGGTCAAAAGCCTCCGG,TGGGTGTCGGGCAAAAACCTCCA,0.08
arhgap11a,TGGTGCGGGTCAAAAGCCTCCGG,TGGGTGTCGGGCAAAAACCTCCA,0.08
arhgap11a,TGGTGCGGGTCAAAAGCCTCCGG,TGGGTGTCGGGCAAAAACCTCCA,0.08
arhgap11a,TGGTGCGGGTCAAAAGCCTCCGG,TGGGTGTCGGGCAAAAACCTCCA,0.08
arhgap11a,TGGTGCGGGTCAAAAGCCTCCGG,TGGGTGTCGGGCAAAAACCTCCA,0.08
arhgap11a,TGGTGCGGGTCAAAAGCCTCCGG,TGGGTGTCGGGCAAAAACCTCCA,0.08
arhgap11a,TGGTGCGGGTCAAAAGCCTCCGG,GGTGTCGGGCAAAAACCTCCAGG,0.08
arhgap11a,TGGTGCGGGTCAAAAGCCTCCGG,GGTGTCGGGCAAAAACCTCCAGG,0.08
arhgap11a,TGGTGCGGGTCAAAAGCCTCCGG,GGTGTCGGGCAAAAACCTCCAGG,0.08
arhgap11a,TGGTGCGGGTCAAAAGCCTCCGG,TGGGTGTCGGGCAAAAACCTCCA,0.08
arhgap11a,TGGTGCGGGTCAAAAGCCTCCGG,TGGGTGTCGGGCAAAAACCTCCA,0.08
arhgap11a,TGGTGCGGGTCAAAAGCCTCCGG,GGTGTCGGGCAAAAACCTCCAGG,0.08
dusp22a,AGGCTTTGCATTGTTGCAGACGG,TGGGCTTTATATTGTTGCATGAG,0.45
dusp22a,AGGCTTTGCATTGTTGCAGACGG,GGCTATGCTTTGTTGCACAAGGT,0.31
dusp22a,AGGCTTTGCATTGTTGCAGACGG,GGGCTTTTGCATAGTTACAGAGG,0.25
dusp22a,AGGCTTTGCATTGTTGCAGACGG,GTCTTTGCATTGTTACTGAAGGG,0.22
dusp22a,AGGCTTTGCATTGTTGCAGACGG,GGGGCGAAGCAGTGTTGCAGAAG,0.19
dusp22a,AGGCTTTGCATTGTTGCAGACGG,GGTTTTGTATTATTGCAGAGAGG,0.17
dusp22a,AGGCTTTGCATTGTTGCAGACGG,GGTTCTGCTTTATTGCAGACAGA,0.15
dusp22a,AGGCTTTGCATTGTTGCAGACGG,CAGGCTTTGGCTAGTTGCAGATG,0.15
dusp22a,AGGCTTTGCATTGTTGCAGACGG,GGATTTACATTGTTGCCGAAGGT,0.14
dusp22a,AGGCTTTGCATTGTTGCAGACGG,GGGGCGATGCAGTGTTGCAGTGG,0.13
dusp22a,AGGCTTTGCATTGTTGCAGACGG,TGGGCTTTGGAATGATGCACATG,0.13
dusp22a,AGGCTTTGCATTGTTGCAGACGG,TGTGGTTTTCATTGTAGCAGATG,0.12
dusp22a,AGGCTTTGCATTGTTGCAGACGG,ACCATTTCATTGTTGCAGATGGG,0.1
dusp22a,AGGCTTTGCATTGTTGCAGACGG,GGATTTACATTGTTGCTGAAAGT,0.1
dusp22a,AGGCTTTGCATTGTTGCAGACGG,TTTGCTTTGCATTAATGCAGACA,0.09
dusp22a,AGGCTTTGCATTGTTGCAGACGG,CTGGCTTTGCAGTGTTGATGAAG,0.09
dusp22a,AGGCTTTGCATTGTTGCAGACGG,TGCTTTCCATTGTTGATGATGGT,0.09
dusp22a,AGGCTTTGCATTGTTGCAGACGG,TGCTTTCCATTGTTGATGATGGT,0.09
dusp22a,AGGCTTTGCATTGTTGCAGACGG,AGCTGTGCATCGTTGCAGGAAGG,0.09
dusp22a,AGGCTTTGCATTGTTGCAGACGG,ATGACATTGCTTTGTTGCAGAGA,0.09
dusp22a,AGGCTTTGCATTGTTGCAGACGG,GCCTTTGAATTGTTGCAGAAAGC,0.09
dusp22a,AGGCTTTGCATTGTTGCAGACGG,TGGGCGTTGCGGTGTTGCAGTGG,0.09
dusp22a,AGGCTTTGCATTGTTGCAGACGG,GGCATCGCAGTGTTGCAGTGGGT,0.08
dusp22a,AGGCTTTGCATTGTTGCAGACGG,AGCTTAGCATTGTTGCAGTGAGT,0.08
dusp22a,AGGCTTTGCATTGTTGCAGACGG,TAATTTGCACTGTTGCAGACAGT,0.07
dusp22a,AGGCTTTGCATTGTTGCAGACGG,AGATTTACATTGTTGCAGAACGT,0.07
dusp22a,AGGCTTTGCATTGTTGCAGACGG,GGCTTGTCATTGTTACAGAGAGA,0.07
dusp22a,AGGCTTTGCATTGTTGCAGACGG,AGTGTTTTGAATTGTTGCAGTTA,0.07
dusp22a,AGGCTTTGCATTGTTGCAGACGG,TGAGCCTTGGATTGTTGCACAAA,0.06
dusp22a,AGGCTTTGCATTGTTGCAGACGG,TGGTTTGCAGTGTTGAAGAAGGT,0.06
dusp22a,GAGGGGCATGTCTAGTTCATTGG,GGGGGGATGAATAATTCATTGGG,0.24
dusp22a,GAGGGGCATGTCTAGTTCATTGG,TGAGGGGCAGGACTGGTTCATTG,0.18
dusp22a,GAGGGGCATGTCTAGTTCATTGG,GAGTTCATGTCAAGTTCATGGGA,0.1
dusp22a,GAGGGGCATGTCTAGTTCATTGG,CCGGGGACATTTCTAGTTCAGTG,0.1
dusp22a,GAGGGGCATGTCTAGTTCATTGG,CCTGAAGCATGTCTAGTTCATAA,0.09
dusp22a,GAGGGGCATGTCTAGTTCATTGG,TGGAGAGCATGTTTAATTCATGA,0.09
dusp22a,GAGGGGCATGTCTAGTTCATTGG,GGAGGCATGTCTTGTTAATAAGA,0.06
dusp22a,GAGGGGCATGTCTAGTTCATTGG,CGGGAGGCTTTTTTAGTTCATTA,0.04
dusp22a,GAGGGGCATGTCTAGTTCATTGG,GGGGGCATTTCAGTTTCATGGGG,0.04
dusp22a,GAGGGGCATGTCTAGTTCATTGG,GGTGACATGACTAGTTGATTGGT,0.04
dusp22a,GAGGGGCATGTCTAGTTCATTGG,GCGGCCATGTTTAATTCATCAGC,0.03
dusp22a,GAGGGGCATGTCTAGTTCATTGG,AGGGGCATGTATAATTCAAACGG,0.03
dusp22a,GAGGGGCATGTCTAGTTCATTGG,GGGAACATGTCTCGTTTATCAGA,0.03
dusp22a,GAGGGGCATGTCTAGTTCATTGG,TGTGACATGTGTAGTTCATCAGA,0.03
dusp22a,GAGGGGCATGTCTAGTTCATTGG,TGGTGAGCATGTACAGTTCATGC,0.03
dusp22a,GAGGGGCATGTCTAGTTCATTGG,AGGCGAGCATGTCTCGGTCATCG,0.02
dusp22a,GAGGGGCATGTCTAGTTCATTGG,AGGGCCATGTCTGGTTCACAGGT,0.02
dusp22a,GAGGGGCATGTCTAGTTCATTGG,TGATGAAATACTGCAGTGTACAC,0.02
dusp22a,GAGGGGCATGTCTAGTTCATTGG,CGGGGAACCTGTCTCGTTCATCA,0.02
dusp22a,GAGGGGCATGTCTAGTTCATTGG,GGGAACCTGTCTCGTTCATCAGA,0.02
dusp22a,GAGGGGCATGTCTAGTTCATTGG,GGGAACCTGTCTCGTTCATCAGA,0.02
dusp22a,GAGGGGCATGTCTAGTTCATTGG,CGGGGAACCTGTCTCGTTCATCA,0.02
dusp22a,GAGGGGCATGTCTAGTTCATTGG,GGGAACCTGTCTCGTTCATCAGA,0.02
dusp22a,GAGGGGCATGTCTAGTTCATTGG,GGGAACCTGTCTCGTTCATCAGA,0.02
dusp22a,GAGGGGCATGTCTAGTTCATTGG,CGGGGAACCTGTCTCGTTCATCA,0.02
dusp22a,GAGGGGCATGTCTAGTTCATTGG,GGGAACCTGTCTCGTTCATCAGA,0.02
dusp22a,GAGGGGCATGTCTAGTTCATTGG,GGGAACCTGTCTCGTTCATCAGA,0.02
dusp22a,GAGGGGCATGTCTAGTTCATTGG,CGGGGGACATTTTTAGTTCAGCA,0.02
dusp22a,GAGGGGCATGTCTAGTTCATTGG,GGAGGCTTTTTTAGTTCATTCGA,0.02
dusp22a,GAGGGGCATGTCTAGTTCATTGG,CAGGAGGCATTTCTAGCTCATCT,0.02
dusp22a,GTTCCTGACAAATAACCATGGGG,GATTCGTGACTAATAACCATGCG,0.3
dusp22a,GTTCCTGACAAATAACCATGGGG,GTTCTCACTAATAACAATGTGGC,0.23
dusp22a,GTTCCTGACAAATAACCATGGGG,ATGCTGACAGACAACCATGTGGC,0.22
dusp22a,GTTCCTGACAAATAACCATGGGG,GGGTCCTTCAAAATAAACATGAG,0.21
dusp22a,GTTCCTGACAAATAACCATGGGG,CGGTCCAGATAAATACCCATGAG,0.21
dusp22a,GTTCCTGACAAATAACCATGGGG,GTCCTGACAAATAAAAATCGGGA,0.2
dusp22a,GTTCCTGACAAATAACCATGGGG,GTCCTGACAAATAAAAATCTGGA,0.2
dusp22a,GTTCCTGACAAATAACCATGGGG,GTCTTGAGAAATAAAAATGTGGT,0.18
dusp22a,GTTCCTGACAAATAACCATGGGG,TGTTGAGGATCATACGCTGGTTA,0.18
dusp22a,GTTCCTGACAAATAACCATGGGG,CTCCAGACAAATAAACATGTAGT,0.16
dusp22a,GTTCCTGACAAATAACCATGGGG,AGATTATGACAATTAACCATGAG,0.13
dusp22a,GTTCCTGACAAATAACCATGGGG,GTCCCGGCAAATAACCCTGGGGT,0.13
dusp22a,GTTCCTGACAAATAACCATGGGG,GTCCTTACAAATAATCATGAGGA,0.13
dusp22a,GTTCCTGACAAATAACCATGGGG,GCCCTGATAAATAACCAAGCGGA,0.1
dusp22a,GTTCCTGACAAATAACCATGGGG,TTCCTGATATATAACCTTGTGGT,0.09
dusp22a,GTTCCTGACAAATAACCATGGGG,GGGTCCAGGCAAACAGCCATGTA,0.08
dusp22a,GTTCCTGACAAATAACCATGGGG,TTACTGAAAAAAAACCATGAAGA,0.08
dusp22a,GTTCCTGACAAATAACCATGGGG,GTCATAACAAATGACCAAGAGGC,0.08
dusp22a,GTTCCTGACAAATAACCATGGGG,ATAGCCTCACAAATAACCATGAA,0.08
dusp22a,GTTCCTGACAAATAACCATGGGG,AGGTCATTACAAATAATCATTTG,0.07
dusp22a,GTTCCTGACAAATAACCATGGGG,GTGTCAGGACAAATCACCATGAG,0.07
dusp22a,GTTCCTGACAAATAACCATGGGG,TGACTGACAAATAACCATGCAGC,0.06
dusp22a,GTTCCTGACAAATAACCATGGGG,TGTTTCTGACAAGTAGCCATGTA,0.06
dusp22a,GTTCCTGACAAATAACCATGGGG,GGGTCCTAACACAGAACCTTGTG,0.05
dusp22a,GTTCCTGACAAATAACCATGGGG,GTCCTGTCAAATAAACTTGGAGT,0.05
dusp22a,GTTCCTGACAAATAACCATGGGG,CGGCCTTGACAAAGAACCATTTG,0.05
dusp22a,GTTCCTGACAAATAACCATGGGG,AGGTTCTGTCAAATAATTATGAG,0.05
dusp22a,GTTCCTGACAAATAACCATGGGG,GCCCTGACAAATAAACATCTAGG,0.05
dusp22a,GTTCCTGACAAATAACCATGGGG,TGGCCCTGAAAAACAAGCATGTG,0.04
dusp22a,GTTCCTGACAAATAACCATGGGG,TGGTCTTGATAGATGACCATGAA,0.04
dusp22b,GTTCTGCCTGACCTGTACTTGGG,GCGTCTGTCTGAGCTGTACTTAG,0.26
dusp22b,GTTCTGCCTGACCTGTACTTGGG,GTTTGCCTGATCTGTATTTAGGG,0.25
dusp22b,GTTCTGCCTGACCTGTACTTGGG,AGGTCAGCTTGACTTGTATTTTG,0.2
dusp22b,GTTCTGCCTGACCTGTACTTGGG,GTCTGCATGGCCAGTACTTTGGA,0.19
dusp22b,GTTCTGCCTGACCTGTACTTGGG,ATCTACTTGACCTATACTTAAGG,0.18
dusp22b,GTTCTGCCTGACCTGTACTTGGG,GGCTGCCTGAGCTGAATTTGGGG,0.13
dusp22b,GTTCTGCCTGACCTGTACTTGGG,AGATCAGCCTGGGCTGTACTTTG,0.12
dusp22b,GTTCTGCCTGACCTGTACTTGGG,TGATCTTCCTCACCTGTAATTTG,0.12
dusp22b,GTTCTGCCTGACCTGTACTTGGG,CTGTCTGCCTGACCTGCCCTTTG,0.12
dusp22b,GTTCTGCCTGACCTGTACTTGGG,CTCTACATGACCTGTACTTAAGC,0.12
dusp22b,GTTCTGCCTGACCTGTACTTGGG,AGCTCTTTCAGACCTGTACTTCA,0.09
dusp22b,GTTCTGCCTGACCTGTACTTGGG,GTCTGCCTGACCAGTCCTTCGGC,0.08
dusp22b,GTTCTGCCTGACCTGTACTTGGG,CTGTGCATGACCTGAACTTCAGT,0.05
dusp22b,GTTCTGCCTGACCTGTACTTGGG,AGGTATGCCCGGCATGTACTTGA,0.05
dusp22b,GTTCTGCCTGACCTGTACTTGGG,GTCTGCCTGGCCTATAATAAAGT,0.05
dusp22b,GTTCTGCCTGACCTGTACTTGGG,GTGTGACAGACGTGTACTTCGGA,0.05
dusp22b,GTTCTGCCTGACCTGTACTTGGG,TGATCTGCCTGACCAATACTCCG,0.04
dusp22b,GTTCTGCCTGACCTGTACTTGGG,CCTTGCCTGACTTGTACTTCAGC,0.04
dusp22b,GTTCTGCCTGACCTGTACTTGGG,GTCTGCTTAACCTGCACTTGGAA,0.04
dusp22b,GTTCTGCCTGACCTGTACTTGGG,GGCTGCGGGACCTGTATTTTAGT,0.03
dusp22b,GTTCTGCCTGACCTGTACTTGGG,TAGTCTGACTGGCTTGTACTTCC,0.03
dusp22b,GTTCTGCCTGACCTGTACTTGGG,TGGTTTGCATGTACTGTACTTGA,0.03
dusp22b,GTTCTGCCTGACCTGTACTTGGG,AGGGCAGCCTGGCCTGTGCTTGG,0.03
dusp22b,GTTCTGCCTGACCTGTACTTGGG,CACAGCCTGACATGTACTTTAGC,0.02
dusp22b,GTTCTGCCTGACCTGTACTTGGG,GTCTGCCTCTCCTGTATATGGGG,0.02
dusp22b,GTTCTGCCTGACCTGTACTTGGG,GTGTGCCTGTCCTGTTCTTTGGT,0.02
dusp22b,GTTCTGCCTGACCTGTACTTGGG,AAGACTGACTGACATGTACTTGC,0.02
dusp22b,GTTCTGCCTGACCTGTACTTGGG,TCCTGCCTGCCTTGTACTTCAGC,0.02
dusp22b,GTTCTGCCTGACCTGTACTTGGG,AGTCCTGCCTGCCTTGTACTTCA,0.02
dusp22b,GTTCTGCCTGACCTGTACTTGGG,TCCTGCCTGCCTTGTACTTCAGA,0.02
dusp22b,GCTGGGCTGGCAGGAGGCTCTGG,GGAAGAGCTGGCAGGAGGCTCAG,0.52
dusp22b,GCTGGGCTGGCAGGAGGCTCTGG,TGGTGAGGCGTCAGGAGGCTCTG,0.33
dusp22b,GCTGGGCTGGCAGGAGGCTCTGG,TCGTGAGGTGGCAGGAGGCTCAG,0.29
dusp22b,GCTGGGCTGGCAGGAGGCTCTGG,GGCAGGGCTGGAGGGAGGCTCTG,0.27
dusp22b,GCTGGGCTGGCAGGAGGCTCTGG,ATGGGCCGGCAGCAGGTTCGGGA,0.23
dusp22b,GCTGGGCTGGCAGGAGGCTCTGG,GTGGCCGTTCAGGAGGCTCAGGC,0.22
dusp22b,GCTGGGCTGGCAGGAGGCTCTGG,GAGGCCTGTCAGGAGGATCTGGT,0.21
dusp22b,GCTGGGCTGGCAGGAGGCTCTGG,CAGTGGGCACGCAGCAGGCTCGG,0.17
dusp22b,GCTGGGCTGGCAGGAGGCTCTGG,TGGTGGGATGGCTGGAGATTCAG,0.15
dusp22b,GCTGGGCTGGCAGGAGGCTCTGG,CGGTGAGCGGGTAGAAGGCTCTG,0.15
dusp22b,GCTGGGCTGGCAGGAGGCTCTGG,GCGGGTTAGCAGGAGGTTCTGGA,0.14
dusp22b,GCTGGGCTGGCAGGAGGCTCTGG,TGGGTGACTGGCAGAAGGCTCTG,0.14
dusp22b,GCTGGGCTGGCAGGAGGCTCTGG,GTGGGCTGTCAGGGATCTCAGGC,0.13
dusp22b,GCTGGGCTGGCAGGAGGCTCTGG,CGGCGGCCTTTCAGGAGGCTCGG,0.13
dusp22b,GCTGGGCTGGCAGGAGGCTCTGG,GGGACGGCTGGCTGGAGACTCAG,0.12
dusp22b,GCTGGGCTGGCAGGAGGCTCTGG,GTGGGATGGTGGGAGGTTCAGGC,0.11
dusp22b,GCTGGGCTGGCAGGAGGCTCTGG,AGCTGGGCTAGCAGCAGGATCGG,0.1
dusp22b,GCTGGGCTGGCAGGAGGCTCTGG,CGGTGGCCTTTCAGGAGGCCCGG,0.08
dusp22b,GCTGGGCTGGCAGGAGGCTCTGG,GGGGCCTGGCAAGAGTCTCTGGT,0.08
dusp22b,GCTGGGCTGGCAGGAGGCTCTGG,AGCAGGTCTGGCAGGAGCCTCCG,0.08
dusp22b,GCTGGGCTGGCAGGAGGCTCTGG,TGCTTGGGTAGCAGGAGGCTCAG,0.08
dusp22b,GCTGGGCTGGCAGGAGGCTCTGG,GTGGGCCGGCATGAGCCTCGGGA,0.07
dusp22b,GCTGGGCTGGCAGGAGGCTCTGG,AGCTGGTCTGGCAGGAAGATCAA,0.06
dusp22b,GCTGGGCTGGCAGGAGGCTCTGG,GTGGACAGGCAGGAGGCTTGAGA,0.06
dusp22b,GCTGGGCTGGCAGGAGGCTCTGG,CTGTGGACGGGCAGGAGGCTTGA,0.06
dusp22b,GCTGGGCTGGCAGGAGGCTCTGG,CTGTGGACGGGCAGGAGGCTTGA,0.06
dusp22b,GCTGGGCTGGCAGGAGGCTCTGG,CTGTGGACGGGCAGGAGGCTTGA,0.06
dusp22b,GCTGGGCTGGCAGGAGGCTCTGG,GTGGACGGGCAGGAGGCTTGAGA,0.06
dusp22b,GCTGGGCTGGCAGGAGGCTCTGG,GTGGACTGGCGGGAGGCTTGAGA,0.06
dusp22b,GCTGGGCTGGCAGGAGGCTCTGG,GTAGGCTTCCAGGAGGCACTGGA,0.05
zgc:101564,TGTTGTGGGATATCACGTGGTGG,CTGTTGTGGGTTTTCACGTGAGG,0.28
zgc:101564,TGTTGTGGGATATCACGTGGTGG,CTTGTGGGATATCATATGGCGGG,0.2
zgc:101564,TGTTGTGGGATATCACGTGGTGG,AGGTTGTAGAATGTCATGTGGTG,0.14
zgc:101564,TGTTGTGGGATATCACGTGGTGG,GGGTTGTGGGTAATCGAGTGGTA,0.11
zgc:101564,TGTTGTGGGATATCACGTGGTGG,ATTGTGGGATAACAGATGGGGGA,0.08
zgc:101564,TGTTGTGGGATATCACGTGGTGG,CAGTTGTGGGATATAAAGTGGGA,0.08
zgc:101564,TGTTGTGGGATATCACGTGGTGG,GTTGTCTGATGTCACGTGGCAGT,0.08
zgc:101564,TGTTGTGGGATATCACGTGGTGG,GTGTTGTGTGATGTCACGTTGCA,0.08
zgc:101564,TGTTGTGGGATATCACGTGGTGG,GTGGTGGGAGATCCCATGGAGGA,0.06
zgc:101564,TGTTGTGGGATATCACGTGGTGG,CAGTTATGGGCTATCACATGGCA,0.06
zgc:101564,TGTTGTGGGATATCACGTGGTGG,GCTGCTGGATATCAAGTGGAAGG,0.06
zgc:101564,TGTTGTGGGATATCACGTGGTGG,ATGTTGTGAGATGTCACGTGATG,0.05
zgc:101564,TGTTGTGGGATATCACGTGGTGG,AGGTTGTGGGACAGCACATGAAA,0.04
zgc:101564,TGTTGTGGGATATCACGTGGTGG,GAGTTGTGGGAATTCACGAGGGA,0.04
zgc:101564,TGTTGTGGGATATCACGTGGTGG,GGGTTGTGGGATATTAGGGGGAG,0.04
zgc:101564,TGTTGTGGGATATCACGTGGTGG,GGTGTGAGACCTCACGTGGCAGC,0.02
zgc:101564,TGTTGTGGGATATCACGTGGTGG,GTTATGGGAGATCACGTGATGAT,0.02
zgc:101564,TGTTGTGGGATATCACGTGGTGG,GATGTGCGATATCAAGTGTGGAC,0.02
zgc:101564,TGTTGTGGGATATCACGTGGTGG,GTTGTGTGATAACACGTGTGGAG,0.02
zgc:101564,TGTTGTGGGATATCACGTGGTGG,AGGATGTGTGATATCAAGTTGGG,0.02
zgc:101564,TGTTGTGGGATATCACGTGGTGG,TGGTGATGGGACACCACGTGGTG,0.02
zgc:101564,TGTTGTGGGATATCACGTGGTGG,GCTGTGGCATATCATATGGGAGC,0.02
zgc:101564,TGTTGTGGGATATCACGTGGTGG,GTTGTGGGATATCACAAGAGGCT,0.01
zgc:101564,TGTTGTGGGATATCACGTGGTGG,GGGTTGTAGAACATCACGTGCTG,0.01
zgc:101564,TGTTGTGGGATATCACGTGGTGG,GGATTGTGGGATATCACATGTTG,0.01
zgc:101564,TGTTGTGGGATATCACGTGGTGG,CTGGTGTGTGATATCACGTGGCT,0.01
zgc:101564,TGTTGTGGGATATCACGTGGTGG,ATAGCAGCACCGCTCACTGTGTG,0.01
zgc:101564,TGTTGTGGGATATCACGTGGTGG,GCTGTGGCATATCACTTTGAAGT,0.01
zgc:101564,TGTTGTGGGATATCACGTGGTGG,TTGTTCTGGGATGTCACATGGGG,0.01
zgc:101564,TGTTGTGGGATATCACGTGGTGG,TGGTTATAGGATATAACGTAGGT,0.01
zgc:101564,AGCAGTGCTTTTGGCTGATACGG,AGGAAGTACATTTGGCTGATGGG,0.62
zgc:101564,AGCAGTGCTTTTGGCTGATACGG,ACACTGCTTTTAGCTGATTTGGA,0.37
zgc:101564,AGCAGTGCTTTTGGCTGATACGG,GAAGCGCTGTAGGCTGATAGGGA,0.32
zgc:101564,AGCAGTGCTTTTGGCTGATACGG,GTGGTGCTTTTGACTGATATGGT,0.29
zgc:101564,AGCAGTGCTTTTGGCTGATACGG,TGGCAGTGATTATGGCTGTTATG,0.24
zgc:101564,AGCAGTGCTTTTGGCTGATACGG,GGGCAGAGCTTTTGGCTATTTGG,0.24
zgc:101564,AGCAGTGCTTTTGGCTGATACGG,TGGCAGTTCTGTTGGCAAATAGG,0.24
zgc:101564,AGCAGTGCTTTTGGCTGATACGG,GCAGTGCTGTTGCCTAATATGGT,0.2
zgc:101564,AGCAGTGCTTTTGGCTGATACGG,CTGCAGTGCTTTTGAATAATATG,0.16
zgc:101564,AGCAGTGCTTTTGGCTGATACGG,CAGCAGTGCTTCTGCCTGATTTG,0.15
zgc:101564,AGCAGTGCTTTTGGCTGATACGG,GTAGTACTATTGGCTGATATAGG,0.15
zgc:101564,AGCAGTGCTTTTGGCTGATACGG,TGCCAGAGCTGTGGGCTGATAGG,0.15
zgc:101564,AGCAGTGCTTTTGGCTGATACGG,AAAATGCTTTTGGCTGATACAGA,0.15
zgc:101564,AGCAGTGCTTTTGGCTGATACGG,TAGCAGTGTTTTTGACTAATATA,0.14
zgc:101564,AGCAGTGCTTTTGGCTGATACGG,GCAGTGCTAATAGCTGATAAAGT,0.14
zgc:101564,AGCAGTGCTTTTGGCTGATACGG,GCTGTATATTTGGCTGATATAGT,0.13
zgc:101564,AGCAGTGCTTTTGGCTGATACGG,ATTCTGTGCTTTTTGCTGATATG,0.12
zgc:101564,AGCAGTGCTTTTGGCTGATACGG,GTGCAGTGATTTTGACAGATACA,0.11
zgc:101564,AGCAGTGCTTTTGGCTGATACGG,CAGGTGCTTTTTGCTGATATGGC,0.11
zgc:101564,AGCAGTGCTTTTGGCTGATACGG,TGTCAGCGCTTTAGGCTAATATA,0.11
zgc:101564,AGCAGTGCTTTTGGCTGATACGG,TTGCAATGCTGTTGGCAGATACA,0.1
zgc:101564,AGCAGTGCTTTTGGCTGATACGG,TGGCAATTTTTTTGGCAGATAAA,0.1
zgc:101564,AGCAGTGCTTTTGGCTGATACGG,GCAGGGCTTCTGGCTAACATGGC,0.1
zgc:101564,AGCAGTGCTTTTGGCTGATACGG,GCTGGGTTTTTGGCTGAAAAGGT,0.09
zgc:101564,AGCAGTGCTTTTGGCTGATACGG,GCGGTGCTTTTGGCTGTCAGGGC,0.09
zgc:101564,AGCAGTGCTTTTGGCTGATACGG,GCAGGGCTTTTGACTGACAGGGC,0.08
zgc:101564,AGCAGTGCTTTTGGCTGATACGG,GAAGGGCTTTTGGATGATGTGGG,0.08
zgc:101564,AGCAGTGCTTTTGGCTGATACGG,GCAGTGATTTTTGCTGATTGGGT,0.08
zgc:101564,AGCAGTGCTTTTGGCTGATACGG,CCAGTGATTTTTGCTGATTGGGT,0.08
zgc:101564,AGCAGTGCTTTTGGCTGATACGG,AAGCAGTGCTTTAGCCTAATATA,0.07
zgc:101564,GAGATATTGCTTGTTTGAAATGG,GGTCATTGCTTGTTTAAAAAGGT,0.53
zgc:101564,GAGATATTGCTTGTTTGAAATGG,TGGGATATTGCTAGTATGAAATG,0.46
zgc:101564,GAGATATTGCTTGTTTGAAATGG,GGAGTTTGCTTGTTTGAAAGGGT,0.46
zgc:101564,GAGATATTGCTTGTTTGAAATGG,GGATAAAGCCTGTTTGAAAAGGT,0.42
zgc:101564,GAGATATTGCTTGTTTGAAATGG,AGATTCTGTTTGTTTGAAAAGGT,0.39
zgc:101564,GAGATATTGCTTGTTTGAAATGG,GGAGTTGTTGCTTGTTAGAAACG,0.35
zgc:101564,GAGATATTGCTTGTTTGAAATGG,TGGGAGATTGTTTGTTTAAATGG,0.34
zgc:101564,GAGATATTGCTTGTTTGAAATGG,ACTGATATTATTTGTTTGAAAGG,0.28
zgc:101564,GAGATATTGCTTGTTTGAAATGG,TGGGAGATGGCTTATTTGAATCG,0.26
zgc:101564,GAGATATTGCTTGTTTGAAATGG,ATGCATTTTGCTTGTTTAAAAAG,0.26
zgc:101564,GAGATATTGCTTGTTTGAAATGG,TGGGATAATCTTTGTTTGATACG,0.24
zgc:101564,GAGATATTGCTTGTTTGAAATGG,TGGGATAATCTTTGTTTGATACG,0.24
zgc:101564,GAGATATTGCTTGTTTGAAATGG,TTGGATATAGGATGTTTGAAATG,0.23
zgc:101564,GAGATATTGCTTGTTTGAAATGG,GTATATTGTTAGTTTGAATTGGT,0.23
zgc:101564,GAGATATTGCTTGTTTGAAATGG,GGACATTGATCGTCTGAAAGGGA,0.22
zgc:101564,GAGATATTGCTTGTTTGAAATGG,TCATATTGTTTGTTTGAAAGGGC,0.21
zgc:101564,GAGATATTGCTTGTTTGAAATGG,GGTAAACACAGATAAACACAGGT,0.2
zgc:101564,GAGATATTGCTTGTTTGAAATGG,TTTGTTATTGCTGGTTTGAAAAG,0.2
zgc:101564,GAGATATTGCTTGTTTGAAATGG,GGATATTGATTGTCAAAAAGGGG,0.2
zgc:101564,GAGATATTGCTTGTTTGAAATGG,AGGGATAATGCTATTTTAAAATG,0.2
zgc:101564,GAGATATTGCTTGTTTGAAATGG,ATATATTGCTAGTATGAAATGGT,0.2
zgc:101564,GAGATATTGCTTGTTTGAAATGG,TGTGATATTGCTTATTGAAAATG,0.19
zgc:101564,GAGATATTGCTTGTTTGAAATGG,AGATATTGCTATTTTAAAATGGT,0.19
zgc:101564,GAGATATTGCTTGTTTGAAATGG,TGTTTATCTGCGTTTACCTGTGT,0.17
zgc:101564,GAGATATTGCTTGTTTGAAATGG,AGAGATATTGCTAGTTTTAAATG,0.17
zgc:101564,GAGATATTGCTTGTTTGAAATGG,TGGTATATTGTTTGTATGAATTG,0.16
zgc:101564,GAGATATTGCTTGTTTGAAATGG,CGGTAAGATGCTTGTTTGAAAAG,0.16
zgc:101564,GAGATATTGCTTGTTTGAAATGG,AGGGATTTTGTTTATTTAAAACA,0.15
zgc:101564,GAGATATTGCTTGTTTGAAATGG,AGTGAAATGACTTGTTTGAAAGG,0.15
zgc:101564,GACAGTCTGCTGTGTACCAGAGG,TGAAAGTATGCTATGTACCAGGG,0.51
zgc:101564,GACAGTCTGCTGTGTACCAGAGG,TGAAAGTATGCTATGTACCAGGG,0.51
zgc:101564,GACAGTCTGCTGTGTACCAGAGG,AAAATATGCTGTGTACCAGGGGT,0.48
zgc:101564,GACAGTCTGCTGTGTACCAGAGG,AAAATATGCTGTGTACCAGGGGT,0.48
zgc:101564,GACAGTCTGCTGTGTACCAGAGG,TAGCACTCTGCTGAGTACAAGCG,0.26
zgc:101564,GACAGTCTGCTGTGTACCAGAGG,GTGCAGTCCGCTCTGCACCAGTG,0.14
zgc:101564,GACAGTCTGCTGTGTACCAGAGG,CTGCAGTCTTCTGTGAATCAGTG,0.14
zgc:101564,GACAGTCTGCTGTGTACCAGAGG,CCACCCTGCTGTGTACCAGCAGT,0.13
zgc:101564,GACAGTCTGCTGTGTACCAGAGG,TCACTGTGCTGTGTACCTGAGGT,0.13
zgc:101564,GACAGTCTGCTGTGTACCAGAGG,ACACACTGCTGTGTGCCAGAGGG,0.11
zgc:101564,GACAGTCTGCTGTGTACCAGAGG,ATACAGTCTGCTGTGAACCATTA,0.09
zgc:101564,GACAGTCTGCTGTGTACCAGAGG,CGAGAGTCTGCTGTCTATCAGGG,0.08
zgc:101564,GACAGTCTGCTGTGTACCAGAGG,GCAGAATGATGTGTACCTGAAGG,0.08
zgc:101564,GACAGTCTGCTGTGTACCAGAGG,GGGCAGTTTGGTCTGTAACAGGG,0.08
zgc:101564,GACAGTCTGCTGTGTACCAGAGG,GGACATTCTGCTTTATACCAGTG,0.07
zgc:101564,GACAGTCTGCTGTGTACCAGAGG,GGGCATGCTGCTGCGTACCTGCG,0.07
zgc:101564,GACAGTCTGCTGTGTACCAGAGG,GCAGTCGCCTGTGTATCGGCGGC,0.07
zgc:101564,GACAGTCTGCTGTGTACCAGAGG,TCGCAGTCTGCTGTGCATCATGG,0.06
zgc:101564,GACAGTCTGCTGTGTACCAGAGG,GCAGTGTGCTGTGTAACAGCAGA,0.06
zgc:101564,GACAGTCTGCTGTGTACCAGAGG,GTAGTCTGCTGTGTGCCGGTGGT,0.05
zgc:101564,GACAGTCTGCTGTGTACCAGAGG,GTGCAGTATGATGTTTACCAGAA,0.04
zgc:101564,GACAGTCTGCTGTGTACCAGAGG,GCTGTGTGCTGTTTACCTGAGGA,0.04
zgc:101564,GACAGTCTGCTGTGTACCAGAGG,AAAGTCTTGTGTGTACCAGAAGT,0.04
zgc:101564,GACAGTCTGCTGTGTACCAGAGG,GCAGTCTGCTTTATACAAGAAGA,0.04
zgc:101564,GACAGTCTGCTGTGTACCAGAGG,TCAGTCTGCTGTGTGTCTGTGGT,0.03
zgc:101564,GACAGTCTGCTGTGTACCAGAGG,TGGCAATCTGCTGTGTAAATGAA,0.03
zgc:101564,GACAGTCTGCTGTGTACCAGAGG,GCAGTCAGCTGTGTAAATGGAGC,0.03
zgc:101564,GACAGTCTGCTGTGTACCAGAGG,GATCAGTCGGCTGTGTACCAATG,0.03
zgc:101564,GACAGTCTGCTGTGTACCAGAGG,TGGCTGTGTGCTGTGTGTCAGAG,0.03
zgc:101564,GACAGTCTGCTGTGTACCAGAGG,GTAGACTGCTGTGTGCCAGTAGA,0.03
frmpd2,CGAGGATGTGGCTCACAGACGGG,GAGGAAGGTGCTCACAGACAGGC,0.44
frmpd2,CGAGGATGTGGCTCACAGACGGG,GAAGAAGGGGCTCACAGACCGGT,0.44
frmpd2,CGAGGATGTGGCTCACAGACGGG,GAGAAGAAGGGGCTCACAGACCG,0.44
frmpd2,CGAGGATGTGGCTCACAGACGGG,AGGAGGAAGTGAGTCACAGACTG,0.39
frmpd2,CGAGGATGTGGCTCACAGACGGG,AGGAAACTGTGGCTCACAGACAG,0.35
frmpd2,CGAGGATGTGGCTCACAGACGGG,CAAGCAGGCCACCAAGAAGCAGA,0.35
frmpd2,CGAGGATGTGGCTCACAGACGGG,GAGGATGTGGCCTACAGTCAGGA,0.31
frmpd2,CGAGGATGTGGCTCACAGACGGG,CAGGTTGTGGCTCACAAACTGGT,0.31
frmpd2,CGAGGATGTGGCTCACAGACGGG,TGGAGGAGGAGGCTCAAAGTCAG,0.29
frmpd2,CGAGGATGTGGCTCACAGACGGG,GAACATGTGGGTCACAGACGGGA,0.28
frmpd2,CGAGGATGTGGCTCACAGACGGG,CAGTGGATCTGGCACACAGACAG,0.27
frmpd2,CGAGGATGTGGCTCACAGACGGG,CAGAGGATCTTGTTCACAGACAG,0.24
frmpd2,CGAGGATGTGGCTCACAGACGGG,GTGGATGTAGCTCACAGGCTGGG,0.22
frmpd2,CGAGGATGTGGCTCACAGACGGG,TAGTGGATGTAGCTCACAGGCTG,0.22
frmpd2,CGAGGATGTGGCTCACAGACGGG,GTGGATGTAGCTCACAGGCTGGG,0.22
frmpd2,CGAGGATGTGGCTCACAGACGGG,TAGTGGATGTAGCTCACAGGCTG,0.22
frmpd2,CGAGGATGTGGCTCACAGACGGG,CGCTCGATGTGGCCCACAGACTG,0.2
frmpd2,CGAGGATGTGGCTCACAGACGGG,CGCTCGATGTGGCCCACAGACTG,0.2
frmpd2,CGAGGATGTGGCTCACAGACGGG,CTCGATGTGGCCCACAGACTGGG,0.2
frmpd2,CGAGGATGTGGCTCACAGACGGG,GAGGAGATGGCCCACAGGCCGGC,0.17
frmpd2,CGAGGATGTGGCTCACAGACGGG,GGGAGGATCTCACTCACATACTG,0.16
frmpd2,CGAGGATGTGGCTCACAGACGGG,AACAGGAAGTGGCTCACAGATCG,0.16
frmpd2,CGAGGATGTGGCTCACAGACGGG,AGAAAGATGTGGCTTCCAGACAG,0.15
frmpd2,CGAGGATGTGGCTCACAGACGGG,CAGAGTGTGGCTAACAGACCGGG,0.15
frmpd2,CGAGGATGTGGCTCACAGACGGG,GTGGATGTGGCTCAAAAATGGGT,0.15
frmpd2,CGAGGATGTGGCTCACAGACGGG,AATCATGTGGCTCACAGTCAGGC,0.13
frmpd2,CGAGGATGTGGCTCACAGACGGG,TTGAGGATGTGGGTCAAAGACAA,0.12
frmpd2,CGAGGATGTGGCTCACAGACGGG,TGGACGAGCTGGTTCACAGACTG,0.1
frmpd2,CGAGGATGTGGCTCACAGACGGG,CTGAGGATCTGGCCCTCAGACAG,0.1
frmpd2,CGAGGATGTGGCTCACAGACGGG,GAGGACGTGGCTCATACACTGGT,0.09
frmpd2,GAGGTCTGGGCTCTGCTCTTGGG,GTGGGTCTCGTCTCTGATCTTTA,0.13
frmpd2,GAGGTCTGGGCTCTGCTCTTGGG,TGGGGTTTGGGCACAGATCTTCA,0.12
frmpd2,GAGGTCTGGGCTCTGCTCTTGGG,TTTGGTTTGGGATCTGCTCTTCA,0.11
frmpd2,GAGGTCTGGGCTCTGCTCTTGGG,TGAGGGCTCGGCTCTGCTCCTAG,0.09
frmpd2,GAGGTCTGGGCTCTGCTCTTGGG,CAGCCTGGGCTCTGCTCTGAGGC,0.09
frmpd2,GAGGTCTGGGCTCTGCTCTTGGG,TTGGGGTTGGGCTGTGCTCTTCG,0.08
frmpd2,GAGGTCTGGGCTCTGCTCTTGGG,GGGGGAATGAGCTCTGCTCTTCA,0.08
frmpd2,GAGGTCTGGGCTCTGCTCTTGGG,TGGTCTTGAATCTGCTCTTGAGG,0.07
frmpd2,GAGGTCTGGGCTCTGCTCTTGGG,TGAGCTGGGATCTGCTCTTCAGC,0.07
frmpd2,GAGGTCTGGGCTCTGCTCTTGGG,AGGTGTTGACTCTGCTCTTCAGC,0.06
frmpd2,GAGGTCTGGGCTCTGCTCTTGGG,TGGGGTCAGTGCTGTGATCTTGG,0.06
frmpd2,GAGGTCTGGGCTCTGCTCTTGGG,GGGGTTGGGCACTGCTGTTAGGT,0.06
frmpd2,GAGGTCTGGGCTCTGCTCTTGGG,GCTGGTCTGGGCTCTGATGTTCG,0.06
frmpd2,GAGGTCTGGGCTCTGCTCTTGGG,AGGGATCAGGGGTCTGTTCTTCG,0.06
frmpd2,GAGGTCTGGGCTCTGCTCTTGGG,CGGGGTCAGAGCTTTGCTGTTGG,0.05
frmpd2,GAGGTCTGGGCTCTGCTCTTGGG,AGGGTTCAGGACTCTGCTCTACA,0.04
frmpd2,GAGGTCTGGGCTCTGCTCTTGGG,TGGGATCTCTGCTCTGCTCTACA,0.04
frmpd2,GAGGTCTGGGCTCTGCTCTTGGG,GGCATTCAGGGCTCTGCTCTTAA,0.04
frmpd2,GAGGTCTGGGCTCTGCTCTTGGG,GGCATTCAGGGCTCTGCTCTTAA,0.04
frmpd2,GAGGTCTGGGCTCTGCTCTTGGG,TTGTGTGGGCTCTGATCTTCAGA,0.04
frmpd2,GAGGTCTGGGCTCTGCTCTTGGG,GGGGCTGGGCTATGCTAATGGGA,0.04
frmpd2,GAGGTCTGGGCTCTGCTCTTGGG,GGGTCTGGGCTCCACACTTGAGT,0.04
frmpd2,GAGGTCTGGGCTCTGCTCTTGGG,GGGTCTGGGCTCCACACTTGAGT,0.04
frmpd2,GAGGTCTGGGCTCTGCTCTTGGG,GTGGGTCTGGGCTCCACACTTGA,0.04
frmpd2,GAGGTCTGGGCTCTGCTCTTGGG,GTGGGTCTGGGCTCCACACTTGA,0.04
frmpd2,GAGGTCTGGGCTCTGCTCTTGGG,GGGTCTGGGCTCCACACTTGAGT,0.04
frmpd2,GAGGTCTGGGCTCTGCTCTTGGG,GGGTCTGGGCTCCACACTTGAGT,0.04
frmpd2,GAGGTCTGGGCTCTGCTCTTGGG,GTGGGTCTGGGCTCCACACTTGA,0.04
frmpd2,GAGGTCTGGGCTCTGCTCTTGGG,AGGGGCCTGTGGTCTCCTCTTTG,0.04
frmpd2,GAGGTCTGGGCTCTGCTCTTGGG,ATAGCAAATATGAGCGAATATTT,0.03
frmpd2,TGCAGCCGATCTGAAGACGTGGG,CTCTCCGCAGCAGCAGCCGCACC,0.69
frmpd2,TGCAGCCGATCTGAAGACGTGGG,AGGCAGCAGAAATGAAGATGTGG,0.31
frmpd2,TGCAGCCGATCTGAAGACGTGGG,GGGCAGCACATCTGAAGAAGTAG,0.25
frmpd2,TGCAGCCGATCTGAAGACGTGGG,AAGCAGTCTATCTCAAGACGTGG,0.22
frmpd2,TGCAGCCGATCTGAAGACGTGGG,TGTCACCCGATCAGAAGAAGTGG,0.22
frmpd2,TGCAGCCGATCTGAAGACGTGGG,CAGCAGCAGATCTCAAGATGTTG,0.18
frmpd2,TGCAGCCGATCTGAAGACGTGGG,GCCGCAGATCTGAAGACTTTGGT,0.18
frmpd2,TGCAGCCGATCTGAAGACGTGGG,TGGCAGCGATTCTGAAGACGATG,0.16
frmpd2,TGCAGCCGATCTGAAGACGTGGG,AAGCATCCTATCAGAAGACGTTG,0.14
frmpd2,TGCAGCCGATCTGAAGACGTGGG,GGGCATCCGCTCTGTAAACGTAG,0.09
frmpd2,TGCAGCCGATCTGAAGACGTGGG,AGGCAGCCCATCTGGAGAAGAGG,0.09
frmpd2,TGCAGCCGATCTGAAGACGTGGG,GCAGACGAGCTGAAAACATCAGA,0.09
frmpd2,TGCAGCCGATCTGAAGACGTGGG,GCAGCCTATCCGAAGACGCTGGT,0.05
frmpd2,TGCAGCCGATCTGAAGACGTGGG,GCAGTCAATCTGAAGTCGTCAGA,0.03
frmpd2,TGCAGCCGATCTGAAGACGTGGG,GCAGAATATCTGACGACGTCAGC,0.03
frmpd2,TGCAGCCGATCTGAAGACGTGGG,GAAGCCGATATGAAGATGTAGAT,0.03
frmpd2,TGCAGCCGATCTGAAGACGTGGG,GCAGCCAATGTAAAGACCTGAGG,0.03
frmpd2,TGCAGCCGATCTGAAGACGTGGG,TGGCAGCCAATGTAAAGACCTGA,0.03
frmpd2,TGCAGCCGATCTGAAGACGTGGG,GCAGCCAATGTAAAGACCTGAGG,0.03
frmpd2,TGCAGCCGATCTGAAGACGTGGG,GCAGTCGGTTTGAAGAAGTCAGA,0.03
frmpd2,TGCAGCCGATCTGAAGACGTGGG,TGGCAGCTGACCTGAAGATGCTG,0.03
frmpd2,TGCAGCCGATCTGAAGACGTGGG,TGACAGCCAATCAGAAGAGGTCA,0.02
frmpd2,TGCAGCCGATCTGAAGACGTGGG,AGGCAACAAAGCTGAAGACGTGG,0.02
frmpd2,TGCAGCCGATCTGAAGACGTGGG,AGAAAGCCGATCTGCAGAGGTGG,0.02
frmpd2,TGCAGCCGATCTGAAGACGTGGG,TGGCAGCCAGTGTGAAGACCTGA,0.02
frmpd2,TGCAGCCGATCTGAAGACGTGGG,TGGGAGGCGATCTGAAGTAGTCG,0.02
frmpd2,TGCAGCCGATCTGAAGACGTGGG,GGAGCCAATTTGAAGACCTGAGG,0.02
frmpd2,TGCAGCCGATCTGAAGACGTGGG,TGACAGCTGATCTGAAGACTTTT,0.02
frmpd2,TGCAGCCGATCTGAAGACGTGGG,GGGCAGTCTATATAAAGACGTGT,0.02
frmpd2,TGCAGCCGATCTGAAGACGTGGG,GCAGCCGTTATAAAGAAGTGGAG,0.02
si:ch73-390b10.2,GGTTCGGCAGTATGTGGTGCAGG,GATCAGTAATATGTGGTGCCGGA,0.58
si:ch73-390b10.2,GGTTCGGCAGTATGTGGTGCAGG,GGGTTCGGTAAAATGAGGTGCCG,0.35
si:ch73-390b10.2,GGTTCGGCAGTATGTGGTGCAGG,GGGTTCGGTAAAATGAGGTGCGG,0.35
si:ch73-390b10.2,GGTTCGGCAGTATGTGGTGCAGG,GATCGGTAATATGAGGTGCCGGA,0.34
si:ch73-390b10.2,GGTTCGGCAGTATGTGGTGCAGG,GTTATGTAGTATGTGGTGCAGGG,0.33
si:ch73-390b10.2,GGTTCGGCAGTATGTGGTGCAGG,GATCGGCAAAATGAGGTGCCGGT,0.29
si:ch73-390b10.2,GGTTCGGCAGTATGTGGTGCAGG,GGGATCGGCAAAATGAGGTGCCG,0.29
si:ch73-390b10.2,GGTTCGGCAGTATGTGGTGCAGG,CCCGTCCGAGTCGGGTTCCCAGC,0.27
si:ch73-390b10.2,GGTTCGGCAGTATGTGGTGCAGG,GGGCTCGGTAAAATGTGGTGCCG,0.26
si:ch73-390b10.2,GGTTCGGCAGTATGTGGTGCAGG,GTTCGGGTGTATGAGGTGCTGGG,0.22
si:ch73-390b10.2,GGTTCGGCAGTATGTGGTGCAGG,GGGAGAGGAAGTATGTGGTGCTG,0.17
si:ch73-390b10.2,GGTTCGGCAGTATGTGGTGCAGG,GTTGGGGAGAATGTGGTGATGGA,0.14
si:ch73-390b10.2,GGTTCGGCAGTATGTGGTGCAGG,GTTCGGCAGAGGGTGGTGCTGGA,0.14
si:ch73-390b10.2,GGTTCGGCAGTATGTGGTGCAGG,AGATTCAGAAGTATGTGATGCTA,0.13
si:ch73-390b10.2,GGTTCGGCAGTATGTGGTGCAGG,CTTCTGCAGTATGTGCTGCAGGG,0.11
si:ch73-390b10.2,GGTTCGGCAGTATGTGGTGCAGG,GTACGGCAGCGTGTGGTCCCGGG,0.1
si:ch73-390b10.2,GGTTCGGCAGTATGTGGTGCAGG,TTTCTGCAGTATGTAATGCAAGG,0.1
si:ch73-390b10.2,GGTTCGGCAGTATGTGGTGCAGG,GTTTTGCAGTTTGTGGTGCAGGA,0.1
si:ch73-390b10.2,GGTTCGGCAGTATGTGGTGCAGG,AAGTTCGGGAGCAGGTGGTGCTG,0.1
si:ch73-390b10.2,GGTTCGGCAGTATGTGGTGCAGG,GTTCGCCATTATGTGTAGCTGGA,0.09
si:ch73-390b10.2,GGTTCGGCAGTATGTGGTGCAGG,GTTTGTCAATATGTGGTGCAAGT,0.08
si:ch73-390b10.2,GGTTCGGCAGTATGTGGTGCAGG,GTTCGCTAGGATGTGGTGTTGGA,0.07
si:ch73-390b10.2,GGTTCGGCAGTATGTGGTGCAGG,GTCTGGCGGTATGTGGTGCGAGG,0.07
si:ch73-390b10.2,GGTTCGGCAGTATGTGGTGCAGG,GTTCGACACTATTTGGTTCGGGT,0.07
si:ch73-390b10.2,GGTTCGGCAGTATGTGGTGCAGG,AGGATCGGTAGAATGAGGTGCCA,0.07
si:ch73-390b10.2,GGTTCGGCAGTATGTGGTGCAGG,CGGTGCTGCTGTATTTGGTGCTG,0.07
si:ch73-390b10.2,GGTTCGGCAGTATGTGGTGCAGG,TGATTCGCCAGGATGTGGTGCCA,0.06
si:ch73-390b10.2,GGTTCGGCAGTATGTGGTGCAGG,GTTCTACAGTATGTAATGCCGAA,0.04
si:ch73-390b10.2,GGTTCGGCAGTATGTGGTGCAGG,ATTCAGAGGTATGTGGTGCCCGC,0.04
si:ch73-390b10.2,GGTTCGGCAGTATGTGGTGCAGG,TTTTGGCACTATGTGCTGCAGGA,0.04
si:ch73-390b10.2,GAGCAGCTGATCAGTCGCGTGGG,GACAGCTGATTAGTCACGTGGGT,0.34
si:ch73-390b10.2,GAGCAGCTGATCAGTCGCGTGGG,GAGGCAACTGATTAGTCGTGTGG,0.31
si:ch73-390b10.2,GAGCAGCTGATCAGTCGCGTGGG,GAGGCAGCTGATTAGTCATGTGG,0.29
si:ch73-390b10.2,GAGCAGCTGATCAGTCGCGTGGG,AGCAGCTGATTAGTCATGTTGGT,0.27
si:ch73-390b10.2,GAGCAGCTGATCAGTCGCGTGGG,AAGTCAGCTGATTAGTCACGTGG,0.23
si:ch73-390b10.2,GAGCAGCTGATCAGTCGCGTGGG,GGCAATTGATCAGTCTCGTAGGG,0.18
si:ch73-390b10.2,GAGCAGCTGATCAGTCGCGTGGG,GGCAGCTGATTAGTCACGTGAGT,0.12
si:ch73-390b10.2,GAGCAGCTGATCAGTCGCGTGGG,GGCAATTGATCAGTCAAGTCAGT,0.11
si:ch73-390b10.2,GAGCAGCTGATCAGTCGCGTGGG,AAGACAGCTGATCAGTCATGTGA,0.1
si:ch73-390b10.2,GAGCAGCTGATCAGTCGCGTGGG,CTGGCAGCTGATCAGACACATGA,0.1
si:ch73-390b10.2,GAGCAGCTGATCAGTCGCGTGGG,GACAGCTGATTAGTCTCGTGGGT,0.09
si:ch73-390b10.2,GAGCAGCTGATCAGTCGCGTGGG,GTCAGCTGATCAATAGTGTCAGA,0.06
si:ch73-390b10.2,GAGCAGCTGATCAGTCGCGTGGG,GGCAGCTGATCAGTTGCTTCAGC,0.05
si:ch73-390b10.2,GAGCAGCTGATCAGTCGCGTGGG,CAGGCTGCTGATTGGTCGCGTTA,0.03
si:ch73-390b10.2,GAGCAGCTGATCAGTCGCGTGGG,GAGACAGCTGATCAGTCATGTGG,0.03
si:ch73-390b10.2,GAGCAGCTGATCAGTCGCGTGGG,GACAGCTGATTAGCCACGTGAGT,0.03
si:ch73-390b10.2,GAGCAGCTGATCAGTCGCGTGGG,CCGTCAGCTGATCAGCAGCGTGA,0.03
si:ch73-390b10.2,GAGCAGCTGATCAGTCGCGTGGG,TGGGCAGCTGTAAAATCGCGTAG,0.02
si:ch73-390b10.2,GAGCAGCTGATCAGTCGCGTGGG,TAGGCAGCTGATTAGTCACATGG,0.02
si:ch73-390b10.2,GAGCAGCTGATCAGTCGCGTGGG,TGTGCAGCTGATCAGTCACTGAA,0.02
si:ch73-390b10.2,GAGCAGCTGATCAGTCGCGTGGG,GGCCGCAGATGAGTCACGTCCGT,0.02
si:ch73-390b10.2,GAGCAGCTGATCAGTCGCGTGGG,ACTGCAGCTCATCAGTCGCTTGC,0.02
si:ch73-390b10.2,GAGCAGCTGATCAGTCGCGTGGG,GGCAGCTGTTCAGTCAAGTGTGT,0.02
si:ch73-390b10.2,GAGCAGCTGATCAGTCGCGTGGG,GGAAGCTGATTAGTCACGTTTGC,0.01
si:ch73-390b10.2,GAGCAGCTGATCAGTCGCGTGGG,CGAGCACCTGATCAGTCATGTCT,0.01
si:ch73-390b10.2,GAGCAGCTGATCAGTCGCGTGGG,GTCAGCTGATCAGTGCCTTAGGC,0.01
si:ch73-390b10.2,GAGCAGCTGATCAGTCGCGTGGG,GTCAGCTGATTAGTCGTGTGGAT,0.01
si:ch73-390b10.2,GAGCAGCTGATCAGTCGCGTGGG,GGGAGCGGAGCAGTCGCTTACGC,0.01
si:ch73-390b10.2,GAGCAGCTGATCAGTCGCGTGGG,CGCGCACCAGATCAGACGCGTTT,0.01
si:ch73-390b10.2,GAGCAGCTGATCAGTCGCGTGGG,GGCAGGTCATCAGTCCAGTCAGC,0.01
si:ch73-390b10.2,AGAAGGCAGATGTACCAGCGAGG,TGGAAAACAGATATGCCAGCGAG,0.38
si:ch73-390b10.2,AGAAGGCAGATGTACCAGCGAGG,TGGGAGGTGGGTGTACCAGCGAG,0.2
si:ch73-390b10.2,AGAAGGCAGATGTACCAGCGAGG,AAAGTCAGATCTTCCAGCGAGGA,0.16
si:ch73-390b10.2,AGAAGGCAGATGTACCAGCGAGG,GAGGGCCGGTGTACCAGCAGGGT,0.14
si:ch73-390b10.2,AGAAGGCAGATGTACCAGCGAGG,AGAAATGCAGATGTTCCAGCAAG,0.13
si:ch73-390b10.2,AGAAGGCAGATGTACCAGCGAGG,GAACGCAGACACACCAGCGGAGG,0.1
si:ch73-390b10.2,AGAAGGCAGATGTACCAGCGAGG,AAAGGCAGATGTACCTGCTGGGA,0.08
si:ch73-390b10.2,AGAAGGCAGATGTACCAGCGAGG,TGGGACGCAGTTGTACCAGCTTA,0.08
si:ch73-390b10.2,AGAAGGCAGATGTACCAGCGAGG,GAAGGCAGATACACCAGAAAAGA,0.08
si:ch73-390b10.2,AGAAGGCAGATGTACCAGCGAGG,GAGGGCTGATGTACCAGCAGAGT,0.07
si:ch73-390b10.2,AGAAGGCAGATGTACCAGCGAGG,AAAGGCAGATGTACCATTGAAGT,0.06
si:ch73-390b10.2,AGAAGGCAGATGTACCAGCGAGG,GAAGGCAGAAATACCAATGTAGA,0.06
si:ch73-390b10.2,AGAAGGCAGATGTACCAGCGAGG,TAAGGCAGAAGTACCAGGATGGT,0.06
si:ch73-390b10.2,AGAAGGCAGATGTACCAGCGAGG,GGAAAGCGAGATGTACCAGCTGA,0.05
si:ch73-390b10.2,AGAAGGCAGATGTACCAGCGAGG,GAAGGCCGGTGTCCCAGCAGGGT,0.05
si:ch73-390b10.2,AGAAGGCAGATGTACCAGCGAGG,CAGGAGTGGAGAAGAGTGTGTTT,0.05
si:ch73-390b10.2,AGAAGGCAGATGTACCAGCGAGG,GAGGGCAGGTGTACCTGCAGGGT,0.04
si:ch73-390b10.2,AGAAGGCAGATGTACCAGCGAGG,GAAAAAGCAGAAGTACCAGCGTG,0.03
si:ch73-390b10.2,AGAAGGCAGATGTACCAGCGAGG,GAGGGCCGATGTACCTGCAGGGT,0.03
si:ch73-390b10.2,AGAAGGCAGATGTACCAGCGAGG,GAGGGCCGATGTACCTGCAGGGT,0.03
si:ch73-390b10.2,AGAAGGCAGATGTACCAGCGAGG,GCCTATATTTCTGAGGTATTTTG,0.03
si:ch73-390b10.2,AGAAGGCAGATGTACCAGCGAGG,GAGAAGGCAGAAGTAGCAGCACG,0.03
si:ch73-390b10.2,AGAAGGCAGATGTACCAGCGAGG,ATATAGGCAGATGAACCAGCGTG,0.03
si:ch73-390b10.2,AGAAGGCAGATGTACCAGCGAGG,GAAGGCCGATGTTCCTGCAGGGT,0.03
si:ch73-390b10.2,AGAAGGCAGATGTACCAGCGAGG,CGGATGGCAGATGAAGAAGCGCG,0.02
si:ch73-390b10.2,AGAAGGCAGATGTACCAGCGAGG,AAATGGAGATGAACCAGCGAAGG,0.02
si:ch73-390b10.2,AGAAGGCAGATGTACCAGCGAGG,GAAGGCACTTGTACCAGCCCCGT,0.02
si:ch73-390b10.2,AGAAGGCAGATGTACCAGCGAGG,GAAGACAAATGTAACAGTGTAGC,0.02
si:ch73-390b10.2,AGAAGGCAGATGTACCAGCGAGG,ATGAACACATATGTACCAGCGCT,0.02
si:ch73-390b10.2,AGAAGGCAGATGTACCAGCGAGG,GAACAGGCAGATGAACCAGCGCG,0.02
si:dkey-191g9.7,TGGGTCACTGATGGTGCATAAGG,GGGTCAATGGTGGTACATAGGGT,0.42
si:dkey-191g9.7,TGGGTCACTGATGGTGCATAAGG,TGGGGTCACTAATGGTAAATGAG,0.33
si:dkey-191g9.7,TGGGTCACTGATGGTGCATAAGG,TGGTCAGTGATGGTGCATTTGGC,0.25
si:dkey-191g9.7,TGGGTCACTGATGGTGCATAAGG,GTGCCACTCATGGTGCATATGGA,0.2
si:dkey-191g9.7,TGGGTCACTGATGGTGCATAAGG,AGAAGACACTGATGGTGAATAGG,0.15
si:dkey-191g9.7,TGGGTCACTGATGGTGCATAAGG,AGGAGCCACATATGGTGCATACA,0.15
si:dkey-191g9.7,TGGGTCACTGATGGTGCATAAGG,AGCAGTCTCGGATGGTGCATAGG,0.14
si:dkey-191g9.7,TGGGTCACTGATGGTGCATAAGG,TGGGGTCACCGATGGTGCCTGTG,0.13
si:dkey-191g9.7,TGGGTCACTGATGGTGCATAAGG,GGGTAATTGATTGTGCTTATGGA,0.12
si:dkey-191g9.7,TGGGTCACTGATGGTGCATAAGG,TGGTCCCTAATGGTGCGTATGGA,0.1
si:dkey-191g9.7,TGGGTCACTGATGGTGCATAAGG,ACGGCTAACTGATGGTGCATAAA,0.09
si:dkey-191g9.7,TGGGTCACTGATGGTGCATAAGG,GTAGGTCTCAGATGGTGCATAAA,0.09
si:dkey-191g9.7,TGGGTCACTGATGGTGCATAAGG,AGGGGTCAGTGTTGGAGCATGAG,0.09
si:dkey-191g9.7,TGGGTCACTGATGGTGCATAAGG,ATGGGTTACTGTTGTTGCATATG,0.08
si:dkey-191g9.7,TGGGTCACTGATGGTGCATAAGG,CGCTCCCTGATGGTGAATAAGGT,0.07
si:dkey-191g9.7,TGGGTCACTGATGGTGCATAAGG,GTGTCACTGATGGTGAGTGGGGG,0.07
si:dkey-191g9.7,TGGGTCACTGATGGTGCATAAGG,GGGCCACTGCTGGTGCATGTAGA,0.07
si:dkey-191g9.7,TGGGTCACTGATGGTGCATAAGG,TGCTTACTGATGGTGCATCCGGC,0.07
si:dkey-191g9.7,TGGGTCACTGATGGTGCATAAGG,AGGGCTCGCTGCTGGTGTATAAG,0.07
si:dkey-191g9.7,TGGGTCACTGATGGTGCATAAGG,GGTCTTCACTGATGATGCATATG,0.07
si:dkey-191g9.7,TGGGTCACTGATGGTGCATAAGG,AGGAGTCACTTTTTGTGCATACG,0.06
si:dkey-191g9.7,TGGGTCACTGATGGTGCATAAGG,TGGTTCCTGATGATGCATAGAGA,0.05
si:dkey-191g9.7,TGGGTCACTGATGGTGCATAAGG,GGTTCACTGATGGTATATAGAGT,0.04
si:dkey-191g9.7,TGGGTCACTGATGGTGCATAAGG,AGGTCACTGACGCTGAATAAAGT,0.04
si:dkey-191g9.7,TGGGTCACTGATGGTGCATAAGG,GGGCCTTTGACGGTGCATAACGT,0.04
si:dkey-191g9.7,TGGGTCACTGATGGTGCATAAGG,CTGGGTCACTGAGGGTGCACAAA,0.04
si:dkey-191g9.7,TGGGTCACTGATGGTGCATAAGG,GGATCACATATGATGCATAAGAA,0.04
si:dkey-191g9.7,TGGGTCACTGATGGTGCATAAGG,TGGGCTCACTGATGGTGCATCCA,0.03
si:dkey-191g9.7,TGGGTCACTGATGGTGCATAAGG,TTGAGTCACTTGTGGTGCATATG,0.03
si:dkey-191g9.7,TGGGTCACTGATGGTGCATAAGG,TAGGCTCACTTATGTTGCATACA,0.03
si:dkey-191g9.7,GGAATGGATGAGAGCTACAAGGG,GAGAAGGAATGAGAACTACAAAG,0.43
si:dkey-191g9.7,GGAATGGATGAGAGCTACAAGGG,CGGAAGGGAAGAAAGCCACAATG,0.37
si:dkey-191g9.7,GGAATGGATGAGAGCTACAAGGG,GAACAGATGAGATCTACAACGGC,0.27
si:dkey-191g9.7,GGAATGGATGAGAGCTACAAGGG,AGGAATGTATAAGAACTAAAACG,0.22
si:dkey-191g9.7,GGAATGGATGAGAGCTACAAGGG,GAATGAATGAAAGCTATAATAGT,0.16
si:dkey-191g9.7,GGAATGGATGAGAGCTACAAGGG,AGGGATAGCTGAGAGCTACTAGG,0.14
si:dkey-191g9.7,GGAATGGATGAGAGCTACAAGGG,GATTGGAGGACGGCTACAACGGG,0.14
si:dkey-191g9.7,GGAATGGATGAGAGCTACAAGGG,GAAGACATGAGAGCTACAAAAGT,0.11
si:dkey-191g9.7,GGAATGGATGAGAGCTACAAGGG,GAATTGAGGAGAGCAACAAGAGC,0.1
si:dkey-191g9.7,GGAATGGATGAGAGCTACAAGGG,GAATAGATTAGAACTAGAACGGA,0.08
si:dkey-191g9.7,GGAATGGATGAGAGCTACAAGGG,AATTCGATTAGAGCTACAAAAGT,0.08
si:dkey-191g9.7,GGAATGGATGAGAGCTACAAGGG,AATTCGATTAGAGCTACAAAAGC,0.08
si:dkey-191g9.7,GGAATGGATGAGAGCTACAAGGG,GAACTTATGAGAGCTGCAAGGGA,0.07
si:dkey-191g9.7,GGAATGGATGAGAGCTACAAGGG,AAATGGAGGAGAGCTAAACTGGT,0.06
si:dkey-191g9.7,GGAATGGATGAGAGCTACAAGGG,AAATGTATGAGAGCTACTAAAGC,0.06
si:dkey-191g9.7,GGAATGGATGAGAGCTACAAGGG,GGGAATGAATGAGAGAGACAGCG,0.06
si:dkey-191g9.7,GGAATGGATGAGAGCTACAAGGG,AAATAGATTAGAACTACAAACGC,0.06
si:dkey-191g9.7,GGAATGGATGAGAGCTACAAGGG,TGGAGTGGATGGCAGCAACAACA,0.05
si:dkey-191g9.7,GGAATGGATGAGAGCTACAAGGG,TGGAATGGATGTGTGCTAAAAAG,0.05
si:dkey-191g9.7,GGAATGGATGAGAGCTACAAGGG,ATGATTGAATGAGATCTACAAAA,0.04
si:dkey-191g9.7,GGAATGGATGAGAGCTACAAGGG,GAAAGGATGGGGGCTACAGCAGC,0.04
si:dkey-191g9.7,GGAATGGATGAGAGCTACAAGGG,GAATGGCTGGGAACTACAGCAGC,0.04
si:dkey-191g9.7,GGAATGGATGAGAGCTACAAGGG,GAGGATGGATGAGAGCTAATATA,0.04
si:dkey-191g9.7,GGAATGGATGAGAGCTACAAGGG,GAATGGAAAAGGTCTACAAAAGC,0.04
si:dkey-191g9.7,GGAATGGATGAGAGCTACAAGGG,GAAGTGTTTAGAGCTACAAAAGG,0.04
si:dkey-191g9.7,GGAATGGATGAGAGCTACAAGGG,TGTAATGGATTACAGCTAAAATA,0.04
si:dkey-191g9.7,GGAATGGATGAGAGCTACAAGGG,AGGATTGGACGATAGCTATAATA,0.04
si:dkey-191g9.7,GGAATGGATGAGAGCTACAAGGG,ATGAATGGATGAGATCTAAAACA,0.04
si:dkey-191g9.7,GGAATGGATGAGAGCTACAAGGG,TGAAATTGATTAGAACTACAAAC,0.04
si:dkey-191g9.7,GGAATGGATGAGAGCTACAAGGG,AAATTGATTAGAACTACAAACGC,0.04
si:dkey-191g9.7,TGTAGGAGTGCAGGTGGGTCAGG,GTAGAAAAGGAGGTGGGTCAGGC,0.23
si:dkey-191g9.7,TGTAGGAGTGCAGGTGGGTCAGG,GGCAGGGAGTGAAGGTGGGTCAG,0.23
si:dkey-191g9.7,TGTAGGAGTGCAGGTGGGTCAGG,CAAGGAGTGCAGATGGCTCAGGG,0.18
si:dkey-191g9.7,TGTAGGAGTGCAGGTGGGTCAGG,GCAGAAGCGCAGCTGGGTCTGGA,0.17
si:dkey-191g9.7,TGTAGGAGTGCAGGTGGGTCAGG,GAGTGGGAGTGCAGGTGGGTTCG,0.17
si:dkey-191g9.7,TGTAGGAGTGCAGGTGGGTCAGG,CTGTAGGAGCAAAGGTGGGTCAA,0.17
si:dkey-191g9.7,TGTAGGAGTGCAGGTGGGTCAGG,GCAGGAGTGAAGGAGGGTCAGGC,0.17
si:dkey-191g9.7,TGTAGGAGTGCAGGTGGGTCAGG,GTGTGGTAGTGCTGGTGGGTCTG,0.14
si:dkey-191g9.7,TGTAGGAGTGCAGGTGGGTCAGG,GTAAGAGTTCAGGTAGTTCGAGA,0.12
si:dkey-191g9.7,TGTAGGAGTGCAGGTGGGTCAGG,GTAGGAGTGCAGGTGTCTCTGGT,0.12
si:dkey-191g9.7,TGTAGGAGTGCAGGTGGGTCAGG,GTAAGAGTGCAGGCAGGTAGGGA,0.12
si:dkey-191g9.7,TGTAGGAGTGCAGGTGGGTCAGG,TTAGCAGAGCAGGTGGGACAGGA,0.12
si:dkey-191g9.7,TGTAGGAGTGCAGGTGGGTCAGG,GTGGCGGTGCTGGTGGGTCTGGC,0.1
si:dkey-191g9.7,TGTAGGAGTGCAGGTGGGTCAGG,AGGTAGGAGGGTAGGTGAGTAGG,0.09
si:dkey-191g9.7,TGTAGGAGTGCAGGTGGGTCAGG,CAGTAGGAGGGCAAGTGGTTCAA,0.09
si:dkey-191g9.7,TGTAGGAGTGCAGGTGGGTCAGG,ATAGGAGTTCAGGTGGTTCTAGA,0.08
si:dkey-191g9.7,TGTAGGAGTGCAGGTGGGTCAGG,TGGGAGGAGAGGGGGTGGGTCCG,0.08
si:dkey-191g9.7,TGTAGGAGTGCAGGTGGGTCAGG,GTAGGATTAAGGGTGGGTCAAGG,0.08
si:dkey-191g9.7,TGTAGGAGTGCAGGTGGGTCAGG,GGGTAGGAGATCAGGTAGGTCTC,0.08
si:dkey-191g9.7,TGTAGGAGTGCAGGTGGGTCAGG,GGAGAATTGCAGGTGGGGCAGGG,0.08
si:dkey-191g9.7,TGTAGGAGTGCAGGTGGGTCAGG,GGGCTGGAGTGCAGGTGGGACTG,0.08
si:dkey-191g9.7,TGTAGGAGTGCAGGTGGGTCAGG,TTTGGAGTGCGGGTGTGTCTGGG,0.07
si:dkey-191g9.7,TGTAGGAGTGCAGGTGGGTCAGG,GTAGCAGTGAAGGTGGCTTGGGT,0.07
si:dkey-191g9.7,TGTAGGAGTGCAGGTGGGTCAGG,GCCGGAGTGCAGGTGGCTCTGGA,0.07
si:dkey-191g9.7,TGTAGGAGTGCAGGTGGGTCAGG,GTACGAGATCAGGTAGGTCTCGA,0.06
si:dkey-191g9.7,TGTAGGAGTGCAGGTGGGTCAGG,GAGTACGAGTTCAGGTAGGTCTC,0.06
si:dkey-191g9.7,TGTAGGAGTGCAGGTGGGTCAGG,GGGGAGGAGTAGAGGTGGGTAGG,0.06
si:dkey-191g9.7,TGTAGGAGTGCAGGTGGGTCAGG,GTAGGAGTGGAAGTGTGTCAGGC,0.06
si:dkey-191g9.7,TGTAGGAGTGCAGGTGGGTCAGG,GCCGCAGTGATGCCGCTCTGCAG,0.06
si:dkey-191g9.7,TGTAGGAGTGCAGGTGGGTCAGG,GAGTACGAGATCAGGTGGGTCTC,0.06
si:dkey-191g9.7,AGAGTCGAAAGTCTCCAGTGAGG,TGAAGTCAAAAATCTCCATTGAG,0.56
si:dkey-191g9.7,AGAGTCGAAAGTCTCCAGTGAGG,GAATAGAAAGTCTCCATTATGGG,0.52
si:dkey-191g9.7,AGAGTCGAAAGTCTCCAGTGAGG,GTGGGTCGAGAGTCTCCATTGTG,0.27
si:dkey-191g9.7,AGAGTCGAAAGTCTCCAGTGAGG,GGGTGTCGATAGACTCCAATGGG,0.23
si:dkey-191g9.7,AGAGTCGAAAGTCTCCAGTGAGG,GAGGAGAATCTCTCCAGTGAGGC,0.22
si:dkey-191g9.7,AGAGTCGAAAGTCTCCAGTGAGG,GAGGCGAAAGTATCCATTGAGGA,0.16
si:dkey-191g9.7,AGAGTCGAAAGTCTCCAGTGAGG,CAGAGATGAAATTCTCCAGTGAG,0.16
si:dkey-191g9.7,AGAGTCGAAAGTCTCCAGTGAGG,AGGAATCCAAAGTCTCCAGTGAA,0.16
si:dkey-191g9.7,AGAGTCGAAAGTCTCCAGTGAGG,GAGACTCAAAAGTCTCCAGAGAG,0.14
si:dkey-191g9.7,AGAGTCGAAAGTCTCCAGTGAGG,GAGTCCAAAATCTCCAGTTCAGC,0.12
si:dkey-191g9.7,AGAGTCGAAAGTCTCCAGTGAGG,TGGAATCAAAAATCTCCTGTGGG,0.12
si:dkey-191g9.7,AGAGTCGAAAGTCTCCAGTGAGG,TTGAGTGGAAAGACTCCAGGGAG,0.1
si:dkey-191g9.7,AGAGTCGAAAGTCTCCAGTGAGG,GAATAGAAAGTCTCCAGTGGCGT,0.09
si:dkey-191g9.7,AGAGTCGAAAGTCTCCAGTGAGG,TAGGCGAAAATCTCCAGTTAAGG,0.07
si:dkey-191g9.7,AGAGTCGAAAGTCTCCAGTGAGG,AGGAGTCAAAAGTATCAAGTTCA,0.07
si:dkey-191g9.7,AGAGTCGAAAGTCTCCAGTGAGG,CGGTCGAGAGACTCCAGTGAAGA,0.06
si:dkey-191g9.7,AGAGTCGAAAGTCTCCAGTGAGG,CAGTGGAAAGGCTCCAGTGTAGT,0.04
si:dkey-191g9.7,AGAGTCGAAAGTCTCCAGTGAGG,AGAAATCCAAAGTTTCCAGTGAC,0.04
si:dkey-191g9.7,AGAGTCGAAAGTCTCCAGTGAGG,AGGTGAAGAAAGTCTCCAGTCCA,0.04
si:dkey-191g9.7,AGAGTCGAAAGTCTCCAGTGAGG,GAGTGGAATATCTCTAGTGAAGT,0.04
si:dkey-191g9.7,AGAGTCGAAAGTCTCCAGTGAGG,TTGTCGAAAGTTTCCAGTGACGA,0.03
si:dkey-191g9.7,AGAGTCGAAAGTCTCCAGTGAGG,AGAAGTCTAAAGTCTACAGTAAA,0.03
si:dkey-191g9.7,AGAGTCGAAAGTCTCCAGTGAGG,GTGTTGAAAGATTCCAGTGTGAC,0.03
si:dkey-191g9.7,AGAGTCGAAAGTCTCCAGTGAGG,GATTGGAGAGACTCCAGTGCAGC,0.03
si:dkey-191g9.7,AGAGTCGAAAGTCTCCAGTGAGG,GAGTCAAAAAGCTGCAGTGTGGC,0.03
si:dkey-191g9.7,AGAGTCGAAAGTCTCCAGTGAGG,GTGTGGAAAGTCTCCTCTGGGGG,0.02
si:dkey-191g9.7,AGAGTCGAAAGTCTCCAGTGAGG,TGAAGTCAAGAGTCTCAAGTGCT,0.02
si:dkey-191g9.7,AGAGTCGAAAGTCTCCAGTGAGG,GAGTCGTAATGCTCCAGTGTAGT,0.02
si:dkey-191g9.7,AGAGTCGAAAGTCTCCAGTGAGG,AGGAGTAGAGAGTTTCCAGTTGG,0.02
si:dkey-191g9.7,AGAGTCGAAAGTCTCCAGTGAGG,GATTTGATATTCTCCAGTGGAGG,0.02
hydin,GTGGAAGACCTTCGCCACTGAGG,GGGGGAAAACCCACGCCAATGGG,0.29
hydin,GTGGAAGACCTTCGCCACTGAGG,GGGGAGTCCTTCACAACTGGGGC,0.23
hydin,GTGGAAGACCTTCGCCACTGAGG,TGGGCCAGATCTCCGCCACTGGG,0.22
hydin,GTGGAAGACCTTCGCCACTGAGG,GGTAAGACATCTGCCACTGTGGG,0.21
hydin,GTGGAAGACCTTCGCCACTGAGG,CGGGGAAAACCTACGCGACTACG,0.12
hydin,GTGGAAGACCTTCGCCACTGAGG,GAGAAAACCTTCGCCAACGTGGG,0.11
hydin,GTGGAAGACCTTCGCCACTGAGG,GGGGGAGGAGCTTCACTACTGGG,0.1
hydin,GTGGAAGACCTTCGCCACTGAGG,GGGAGGAGTTTCGCCGCTGTGGG,0.07
hydin,GTGGAAGACCTTCGCCACTGAGG,TGGGGAAGGCCATGGCCACTATG,0.07
hydin,GTGGAAGACCTTCGCCACTGAGG,GGGAAGAACGTCTCCACTGAGGG,0.07
hydin,GTGGAAGACCTTCGCCACTGAGG,GGGAAGAACTTCGCCACTTGCGC,0.06
hydin,GTGGAAGACCTTCGCCACTGAGG,GTGGGACGACCTCGGCCACTGCG,0.06
hydin,GTGGAAGACCTTCGCCACTGAGG,CGGGGAACATCTCAGCCACTGCA,0.06
hydin,GTGGAAGACCTTCGCCACTGAGG,GAGAGGACGTTCGCCACTGTAGC,0.05
hydin,GTGGAAGACCTTCGCCACTGAGG,GTGGAGACCATCACCACTGGAGA,0.05
hydin,GTGGAAGACCTTCGCCACTGAGG,GGGAAAACCTGAGCAACTGGAGG,0.05
hydin,GTGGAAGACCTTCGCCACTGAGG,GGGACTACATTCGCCACTGGCGT,0.02
hydin,GTGGAAGACCTTCGCCACTGAGG,CGGAGGACACCTACGCCACTGTG,0.02
hydin,GTGGAAGACCTTCGCCACTGAGG,GGGAAAACCCTCACCACTATTGC,0.02
hydin,GTGGAAGACCTTCGCCACTGAGG,GGAGGAAGACATTTGCCTCTGGA,0.02
hydin,GTGGAAGACCTTCGCCACTGAGG,GGGAAGATATTCGCAACTGGGCG,0.02
hydin,GTGGAAGACCTTCGCCACTGAGG,GGGAAGTTCTTCACCAATGCCGT,0.02
hydin,GTGGAAGACCTTCGCCACTGAGG,CGAGGAAGATCTTTACCACTGAT,0.02
hydin,GTGGAAGACCTTCGCCACTGAGG,ACAAGGACCTTCGCCACTGGGAA,0.01
hydin,GTGGAAGACCTTCGCCACTGAGG,GTGAAGTTCCTCGCCACTGTCGC,0.01
hydin,GTGGAAGACCTTCGCCACTGAGG,AGGGGAAGAACATCGTCACAGTG,0.01
hydin,GTGGAAGACCTTCGCCACTGAGG,CGGAGAAGTCCTTCGCCAGCGTG,0.01
hydin,GTGGAAGACCTTCGCCACTGAGG,GGAGAGAGCTTCACCACTGCTGC,0.01
hydin,GTGGAAGACCTTCGCCACTGAGG,GTGAAGAACTTAGCCACTGTGAA,0.01
hydin,GTGGAAGACCTTCGCCACTGAGG,TCTGGAACACCTGCGCCACTGTG,0.01
hydin,GACATGGGAAACATCGTCATCGG,GCATAAGAAACATCGCCAAGGGC,0.4
hydin,GACATGGGAAACATCGTCATCGG,TGATATGTGAAATATCGTCATAG,0.18
hydin,GACATGGGAAACATCGTCATCGG,GCATGCCAAACAACGTAATGGGC,0.14
hydin,GACATGGGAAACATCGTCATCGG,GAACGCGGGAAACATCGTCATCA,0.12
hydin,GACATGGGAAACATCGTCATCGG,AGATGGGAAGGATCGTCATAGGA,0.12
hydin,GACATGGGAAACATCGTCATCGG,GAATGGGAAAAGTCATCATTAGG,0.1
hydin,GACATGGGAAACATCGTCATCGG,ATCCAAGGGAAACATAGTCATTG,0.08
hydin,GACATGGGAAACATCGTCATCGG,ATGAATGGAAAGCATCGTCATTC,0.06
hydin,GACATGGGAAACATCGTCATCGG,GTGTGGTAAACCTCGTCATGGGT,0.06
hydin,GACATGGGAAACATCGTCATCGG,TCATGGAAATCATCATCATCAGA,0.05
hydin,GACATGGGAAACATCGTCATCGG,TCATGGAAATCATCATCATCAGA,0.05
hydin,GACATGGGAAACATCGTCATCGG,TGGCAGGTGATACATCGTGATAG,0.04
hydin,GACATGGGAAACATCGTCATCGG,TAGCATGAGAAACATCATTATGG,0.04
hydin,GACATGGGAAACATCGTCATCGG,CTGCATGGAAAGCATCGTCAATC,0.04
hydin,GACATGGGAAACATCGTCATCGG,GGTCATGAGAAACATCATCAGGA,0.03
hydin,GACATGGGAAACATCGTCATCGG,AGACAGGGGAAAGATCGGCATAG,0.03
hydin,GACATGGGAAACATCGTCATCGG,AGGTATGGAAAACATCGTCAATG,0.03
hydin,GACATGGGAAACATCGTCATCGG,GAGCATAGGAAACCTCGTCATTC,0.02
hydin,GACATGGGAAACATCGTCATCGG,GTGCATGGGAAAAATCACCATGT,0.02
hydin,GACATGGGAAACATCGTCATCGG,GCATGATAAACATAGACATGAGC,0.02
hydin,GACATGGGAAACATCGTCATCGG,GCATGGGAAAAACAGTCGTCGGA,0.02
hydin,GACATGGGAAACATCGTCATCGG,TGTTATGGAAAACATCGACATAG,0.02
hydin,GACATGGGAAACATCGTCATCGG,TGGCATTGGAAGCATCGTTTTTC,0.02
hydin,GACATGGGAAACATCGTCATCGG,CGTCATGGAAAACAACGTCGTGC,0.02
hydin,GACATGGGAAACATCGTCATCGG,TAATGTGAAACATCGCCATGGAC,0.02
hydin,GACATGGGAAACATCGTCATCGG,CGGCATGTGAACCATCGCCACAG,0.01
hydin,GACATGGGAAACATCGTCATCGG,TAATGTGAAACATCGTTATGGAT,0.01
hydin,GACATGGGAAACATCGTCATCGG,GATTCGGAAACATCGTCTTTGAC,0.01
hydin,GACATGGGAAACATCGTCATCGG,AGTCTTGGAAATCATCGTCATCC,0.01
hydin,GACATGGGAAACATCGTCATCGG,TGGCATGTGGCCCATCGTCATAA,0.01
hydin,AGAGCTGCGGAATGGTGACAAGG,TGGGGCTGCGGCATGATGACACG,0.23
hydin,AGAGCTGCGGAATGGTGACAAGG,AAGCTGTGAAATGGTGACATAGC,0.18
hydin,AGAGCTGCGGAATGGTGACAAGG,TGGAACTGAGGAAAGGTGAAATG,0.17
hydin,AGAGCTGCGGAATGGTGACAAGG,TGGAACTGAACAATGGTGACAAG,0.15
hydin,AGAGCTGCGGAATGGTGACAAGG,GGGAGATGGTGGATGGTGACAGG,0.13
hydin,AGAGCTGCGGAATGGTGACAAGG,GAGCTGAGGAAAGGTGACAGAGA,0.12
hydin,AGAGCTGCGGAATGGTGACAAGG,ATGAGCTGCAGAATGCTGACTGG,0.11
hydin,AGAGCTGCGGAATGGTGACAAGG,GAGCTGAAGGATGGGGACAGGGG,0.09
hydin,AGAGCTGCGGAATGGTGACAAGG,TGGAGCTACGGACTGGGGACACG,0.09
hydin,AGAGCTGCGGAATGGTGACAAGG,TGGAGCAGAGGGATGATGACAGA,0.09
hydin,AGAGCTGCGGAATGGTGACAAGG,GGAAGCAGGGGAGTGGTGACAAA,0.09
hydin,AGAGCTGCGGAATGGTGACAAGG,GCGAGCTGCGGGATGACGACAAA,0.08
hydin,AGAGCTGCGGAATGGTGACAAGG,GAAAGCTGTGGAATGGTGGCAGA,0.07
hydin,AGAGCTGCGGAATGGTGACAAGG,GAGCTGAAGAAAGGAGACATAGT,0.07
hydin,AGAGCTGCGGAATGGTGACAAGG,GCGCTGCAGAATGATGACATAGA,0.07
hydin,AGAGCTGCGGAATGGTGACAAGG,GGGAGCAGGAGAGTGGTGACAAA,0.07
hydin,AGAGCTGCGGAATGGTGACAAGG,GAGCTGCAGAAACGGGACAAGGA,0.07
hydin,AGAGCTGCGGAATGGTGACAAGG,TAGAGCTGCAGAATGGAGAGAGG,0.07
hydin,AGAGCTGCGGAATGGTGACAAGG,GAGCTACTGAATGGTGATAAAGC,0.06
hydin,AGAGCTGCGGAATGGTGACAAGG,TCGAGCTGCGGAAAGGAGAGACG,0.06
hydin,AGAGCTGCGGAATGGTGACAAGG,GCGCTGCGGGATGGTGACGGAGG,0.06
hydin,AGAGCTGCGGAATGGTGACAAGG,TGGAGTTCCTGAATGGAGACAAA,0.05
hydin,AGAGCTGCGGAATGGTGACAAGG,TGGCGCTGCGGAGAGATGACAAA,0.05
hydin,AGAGCTGCGGAATGGTGACAAGG,TGGAGATGAGGAATGGGGGCAGG,0.05
hydin,AGAGCTGCGGAATGGTGACAAGG,AGGAGTTGAGGAATGCTGGCAGG,0.05
hydin,AGAGCTGCGGAATGGTGACAAGG,ATGAGGTGAGGAATGGTGAAAGA,0.04
hydin,AGAGCTGCGGAATGGTGACAAGG,CGGAGCTGGGGACTGAAGACACA,0.04
hydin,AGAGCTGCGGAATGGTGACAAGG,GTGAACGGCAGAATGGTGACAGC,0.04
hydin,AGAGCTGCGGAATGGTGACAAGG,GAGCTGCGCAATGGTGAACAGGA,0.04
hydin,AGAGCTGCGGAATGGTGACAAGG,GAGCTGCTGGATGGAGAAACAGG,0.04
hydin,GCAGGTTCCTCGACTGGTAAAGG,GAGGTTCCATGACTGGTAAAGGT,0.24
hydin,GCAGGTTCCTCGACTGGTAAAGG,AAGGTTCCATGACTGGTAAAGGT,0.2
hydin,GCAGGTTCCTCGACTGGTAAAGG,TGGAGATTACTCAACTGGTTAAA,0.07
hydin,GCAGGTTCCTCGACTGGTAAAGG,GAGGCTCATCAAATGGTAAAAGT,0.07
hydin,GCAGGTTCCTCGACTGGTAAAGG,GATGTTTCTAGACTAGTAAGAGC,0.06
hydin,GCAGGTTCCTCGACTGGTAAAGG,AAGGTTCCTCGACTGCTGGTGGC,0.06
hydin,GCAGGTTCCTCGACTGGTAAAGG,CAGGTTCCTCGACTGGCATAAGA,0.04
hydin,GCAGGTTCCTCGACTGGTAAAGG,GAGGTGCCTCGACTGCTAAAAGC,0.04
hydin,GCAGGTTCCTCGACTGGTAAAGG,GAGGTTTGTCAGCTGGTAAGCGT,0.04
hydin,GCAGGTTCCTCGACTGGTAAAGG,AAGATTCCTCCACTGGGAACAGC,0.03
hydin,GCAGGTTCCTCGACTGGTAAAGG,GAGCTTCATCGACTGGTCCAGGG,0.03
hydin,GCAGGTTCCTCGACTGGTAAAGG,GAGCTTCATCGACTGGTCCAGGG,0.03
hydin,GCAGGTTCCTCGACTGGTAAAGG,TAGGTTCCTCTCCTGGTATTGGG,0.03
hydin,GCAGGTTCCTCGACTGGTAAAGG,GTAAGGATCCTCGACTAGTAAAT,0.03
hydin,GCAGGTTCCTCGACTGGTAAAGG,GGGATGTTCATCCACTGGAAACA,0.03
hydin,GCAGGTTCCTCGACTGGTAAAGG,GACGTCCCTTGACTGCTAAAGGG,0.03
hydin,GCAGGTTCCTCGACTGGTAAAGG,ATGTAGTTCCTCCACTGGTAATG,0.02
hydin,GCAGGTTCCTCGACTGGTAAAGG,GAGGTTTTTCGGCTGGAAACGAT,0.02
hydin,GCAGGTTCCTCGACTGGTAAAGG,GTAGTTCCTCCACTGGTAATGAT,0.02
hydin,GCAGGTTCCTCGACTGGTAAAGG,TGGAGGTTCTTCGAATGGCATCA,0.02
hydin,GCAGGTTCCTCGACTGGTAAAGG,GAGGCTCATCAAATGGTAATGAT,0.02
hydin,GCAGGTTCCTCGACTGGTAAAGG,GGGAGGTTCATCTGTTGGTAAAC,0.02
hydin,GCAGGTTCCTCGACTGGTAAAGG,TGGAGGTTCATCGACTGATGGCG,0.02
hydin,GCAGGTTCCTCGACTGGTAAAGG,AGTGTACAGTGTGCTGTAGTGCA,0.02
hydin,GCAGGTTCCTCGACTGGTAAAGG,GAATGTCCTCTACTGGTAAAAGC,0.02
hydin,GCAGGTTCCTCGACTGGTAAAGG,TGGCGGTTCCTCTGCTGGTTAAA,0.02
hydin,GCAGGTTCCTCGACTGGTAAAGG,GAGGTCATTCAACTGGTAAATGT,0.01
hydin,GCAGGTTCCTCGACTGGTAAAGG,AGGAAGTTTCCAGACTGGTAAAT,0.01
hydin,GCAGGTTCCTCGACTGGTAAAGG,TAGAGGTCCATCGACTGGTAACG,0.01
hydin,GCAGGTTCCTCGACTGGTAAAGG,TGGAGGATCCCAGACTGGAAAGT,0.01
ncf1,TGTACATGCTCCTGGTTAAATGG,TTGTACATAGTCATGGTTAAAGG,0.44
ncf1,TGTACATGCTCCTGGTTAAATGG,GCACAAGCTCCAGGTCAAAGGGC,0.18
ncf1,TGTACATGCTCCTGGTTAAATGG,GTACCTTCTCCAGGTTAAAAGGA,0.18
ncf1,TGTACATGCTCCTGGTTAAATGG,GCACATTTTACTGGTTAAAGGGG,0.18
ncf1,TGTACATGCTCCTGGTTAAATGG,GTGTACATGCTCCTCAGTAAAGG,0.14
ncf1,TGTACATGCTCCTGGTTAAATGG,GTACCTGTTAGTGGTTAAATGGT,0.13
ncf1,TGTACATGCTCCTGGTTAAATGG,AGGAACATTCTCCTTATTAAAAG,0.11
ncf1,TGTACATGCTCCTGGTTAAATGG,TGGTTGATGCTCCTAGTTAGATG,0.11
ncf1,TGTACATGCTCCTGGTTAAATGG,GAACATGATCATGATTAAATAGT,0.11
ncf1,TGTACATGCTCCTGGTTAAATGG,TAGGACATGTTCCTGGATAAACA,0.09
ncf1,TGTACATGCTCCTGGTTAAATGG,TTACATGCACATGGTTAAAGAGA,0.09
ncf1,TGTACATGCTCCTGGTTAAATGG,GTACATGTTTGTAGTTAAAGGGT,0.09
ncf1,TGTACATGCTCCTGGTTAAATGG,GTTCAAGCTACTAGTTAAAAAGT,0.08
ncf1,TGTACATGCTCCTGGTTAAATGG,TGTTACAGGCTACTGGTTAAATA,0.07
ncf1,TGTACATGCTCCTGGTTAAATGG,GTACATGCTTGTAGCTAAAAGGA,0.07
ncf1,TGTACATGCTCCTGGTTAAATGG,TGTAACATGGTCCTGGATAAACA,0.07
ncf1,TGTACATGCTCCTGGTTAAATGG,TGGTATATTCTCCTGGCTAACTG,0.06
ncf1,TGTACATGCTCCTGGTTAAATGG,CTACCTGCTCCTGGATAAGTAGT,0.06
ncf1,TGTACATGCTCCTGGTTAAATGG,TAGGACATGCTCCTGGATTAAAA,0.05
ncf1,TGTACATGCTCCTGGTTAAATGG,GTTCAGGCTCCTGCTTTAATGGT,0.05
ncf1,TGTACATGCTCCTGGTTAAATGG,AGTTACATGCTAATGTTTAAATG,0.05
ncf1,TGTACATGCTCCTGGTTAAATGG,GTTCAGGCTGCTGGTTTAATGGC,0.05
ncf1,TGTACATGCTCCTGGTTAAATGG,TTGTACATGCACATGGTTAAAGG,0.04
ncf1,TGTACATGCTCCTGGTTAAATGG,TGGGATATGTTCTTGGTTAAAAA,0.04
ncf1,TGTACATGCTCCTGGTTAAATGG,GGATACATTTTCCTGGTTAAGAC,0.04
ncf1,TGTACATGCTCCTGGTTAAATGG,GAACATGCTGCCGGTTAAACAGC,0.04
ncf1,TGTACATGCTCCTGGTTAAATGG,GTTCATGCTTCCGGATAAAAAGC,0.04
ncf1,TGTACATGCTCCTGGTTAAATGG,GTACATACTGTTGGTTAAACAGT,0.03
ncf1,TGTACATGCTCCTGGTTAAATGG,GTACAAGCTCCTGCTAAAATAGG,0.03
ncf1,TGTACATGCTCCTGGTTAAATGG,GTACATGTTTGTGCTTAAAGGGT,0.03
ncf1,GAAGGAAATGTTTCCTATTGAGG,GCGGAAATGCCTTCTATTGAGGC,0.2
ncf1,GAAGGAAATGTTTCCTATTGAGG,TGAAAAAAATATTTCCTATTGTA,0.16
ncf1,GAAGGAAATGTTTCCTATTGAGG,AGGAAGAAACTTTTCCAATTGGA,0.16
ncf1,GAAGGAAATGTTTCCTATTGAGG,CATGAAATGCTTCCTATTGCGGG,0.15
ncf1,GAAGGAAATGTTTCCTATTGAGG,TTCAGGAAATGTGTCCTACTGGG,0.15
ncf1,GAAGGAAATGTTTCCTATTGAGG,AGGTGCAAATGTTTCCTATTGTA,0.14
ncf1,GAAGGAAATGTTTCCTATTGAGG,CACAGAAAATGTTTCCTATTGCA,0.14
ncf1,GAAGGAAATGTTTCCTATTGAGG,ATGAGCACATGGTTCCTATTGAG,0.14
ncf1,GAAGGAAATGTTTCCTATTGAGG,GAGGAATTGTTTACAATTGTGGA,0.14
ncf1,GAAGGAAATGTTTCCTATTGAGG,GAGGAAATTATTCATATTGTGGG,0.14
ncf1,GAAGGAAATGTTTCCTATTGAGG,AAAGAAATGTTTCATATTTGGGT,0.12
ncf1,GAAGGAAATGTTTCCTATTGAGG,GAGGAGATTTTTCATATTGAGGA,0.11
ncf1,GAAGGAAATGTTTCCTATTGAGG,AGAGAGAAATGTTTCCTATTACA,0.11
ncf1,GAAGGAAATGTTTCCTATTGAGG,GAGGAATCGCTTCCTACTGTGGT,0.11
ncf1,GAAGGAAATGTTTCCTATTGAGG,AAGAGAAAATGTTCCCTGTTGTG,0.11
ncf1,GAAGGAAATGTTTCCTATTGAGG,ATGAAGCAATGTTTCCTATGGAG,0.1
ncf1,GAAGGAAATGTTTCCTATTGAGG,TGGAAGCAATGTTGCCTATTATG,0.1
ncf1,GAAGGAAATGTTTCCTATTGAGG,CAGAAAATGTTTCCAATTTCAGA,0.1
ncf1,GAAGGAAATGTTTCCTATTGAGG,AGAGGGAGATGTTTCCTATGGAG,0.09
ncf1,GAAGGAAATGTTTCCTATTGAGG,GAGCAAATATTTACTAGTGTGGA,0.09
ncf1,GAAGGAAATGTTTCCTATTGAGG,CGGAGGACATCTTTTCCATTGAG,0.09
ncf1,GAAGGAAATGTTTCCTATTGAGG,GAGCAAATGTTTACAAGTGTGGA,0.08
ncf1,GAAGGAAATGTTTCCTATTGAGG,TGGAGCAAATGTTTACAAGTGTG,0.08
ncf1,GAAGGAAATGTTTCCTATTGAGG,TGGAGGAAGTGTTTACAAGTGGG,0.08
ncf1,GAAGGAAATGTTTCCTATTGAGG,TGGAGGAAGTGTTTACAAGTGTG,0.08
ncf1,GAAGGAAATGTTTCCTATTGAGG,TCCTGGAAATGTTTCATATTGGG,0.08
ncf1,GAAGGAAATGTTTCCTATTGAGG,TGGAGCAATTGTTTCCAATTATA,0.07
ncf1,GAAGGAAATGTTTCCTATTGAGG,GAGGAAATGTGTCACATTATGGA,0.07
ncf1,GAAGGAAATGTTTCCTATTGAGG,GAGCGAATGTTTACTAGTGTGGA,0.07
ncf1,GAAGGAAATGTTTCCTATTGAGG,GAGGAAACATTTCATAGTGTGGT,0.06
ncf1,CGAATCATTCCCACATTACCAGG,TGGAAACACCCCAACATTACCGG,0.33
ncf1,CGAATCATTCCCACATTACCAGG,TGGAAACACCCCAACATTACCGG,0.33
ncf1,CGAATCATTCCCACATTACCAGG,TGTAATTATTCCCACATTACATG,0.3
ncf1,CGAATCATTCCCACATTACCAGG,TGTAATTATTCCCACATTACATG,0.3
ncf1,CGAATCATTCCCACATTACCAGG,TAATTATTCCCACATTACATGGG,0.3
ncf1,CGAATCATTCCCACATTACCAGG,TAATTATTCCCACATTACATGGG,0.3
ncf1,CGAATCATTCCCACATTACCAGG,TGTAATTATTCCCACATTACATG,0.3
ncf1,CGAATCATTCCCACATTACCAGG,TGGTTACATACCCACATTACCTG,0.21
ncf1,CGAATCATTCCCACATTACCAGG,AAATAATTCCCACATTTCATGGA,0.2
ncf1,CGAATCATTCCCACATTACCAGG,TAATTATTCCCACGTTACATGGG,0.19
ncf1,CGAATCATTCCCACATTACCAGG,GGACATCATTCCCATGTTACCTG,0.17
ncf1,CGAATCATTCCCACATTACCAGG,AGGAATCATTTCCATATTAAAAG,0.15
ncf1,CGAATCATTCCCACATTACCAGG,AGGAATAATTCCCATATTAAAAG,0.15
ncf1,CGAATCATTCCCACATTACCAGG,TAATCATTTCCCCATTACCTGGC,0.13
ncf1,CGAATCATTCCCACATTACCAGG,GAACCACACCCACATTAACAAGC,0.1
ncf1,CGAATCATTCCCACATTACCAGG,TAGTGATTCCCACATTTCCAGGG,0.1
ncf1,CGAATCATTCCCACATTACCAGG,CGTAGTGATTCCCACATTTCCAG,0.1
ncf1,CGAATCATTCCCACATTACCAGG,TAGTGATTCCCACATTTCCAGGG,0.1
ncf1,CGAATCATTCCCACATTACCAGG,CGTAGTGATTCCCACATTTCCAG,0.1
ncf1,CGAATCATTCCCACATTACCAGG,CGTAGTGATTCCCACATTTCCAG,0.1
ncf1,CGAATCATTCCCACATTACCAGG,TAGTGATTCCCACATTTCCTGGG,0.1
ncf1,CGAATCATTCCCACATTACCAGG,TAGTGATTCCCACATTTCCAGGG,0.1
ncf1,CGAATCATTCCCACATTACCAGG,CGTAGTGATTCCCACATTTCCAG,0.1
ncf1,CGAATCATTCCCACATTACCAGG,CGTAGTGATTCCCACATTTCCAG,0.1
ncf1,CGAATCATTCCCACATTACCAGG,GGAGTGCTTTCTAGAACTAAGAA,0.1
ncf1,CGAATCATTCCCACATTACCAGG,CGTAGTGATTCCCACATTTCCAG,0.1
ncf1,CGAATCATTCCCACATTACCAGG,TAGTGATTCCCACATTTCCAGGG,0.1
ncf1,CGAATCATTCCCACATTACCAGG,GAATCGTTCTCACATTTCCAGGT,0.1
ncf1,CGAATCATTCCCACATTACCAGG,GGGAATCAAACCCACAATTCCCA,0.09
ncf1,CGAATCATTCCCACATTACCAGG,GGATCTGTCCGACATTACCAGGT,0.09
ncf1,GAAAACCACAGAGACGAGGCAGG,AGCATGCCACAGAGACGAGACCG,0.23
ncf1,GAAAACCACAGAGACGAGGCAGG,GAAACCACAAAGACGAAGTTGGA,0.21
ncf1,GAAAACCACAGAGACGAGGCAGG,AAAAAACCACAAAGACAAGGCTA,0.2
ncf1,GAAAACCACAGAGACGAGGCAGG,AGGAAACCGCTGATACAAGGCAG,0.19
ncf1,GAAAACCACAGAGACGAGGCAGG,GAAAGCGTAGAGACGAGGACGGG,0.16
ncf1,GAAAACCACAGAGACGAGGCAGG,TGCAAAGCACAGAGACGAAGATG,0.12
ncf1,GAAAACCACAGAGACGAGGCAGG,GGAACAACAGAGACGAGGCCAGA,0.12
ncf1,GAAAACCACAGAGACGAGGCAGG,GAAACCGTAGAGACGGGGCAGGA,0.11
ncf1,GAAAACCACAGAGACGAGGCAGG,GAAAACACAGAGAAGATGCTGGA,0.1
ncf1,GAAAACCACAGAGACGAGGCAGG,GAAAACACAAAGACGAGCCCAGA,0.1
ncf1,GAAAACCACAGAGACGAGGCAGG,CGGAAAACAAAGAAACGAGGACA,0.1
ncf1,GAAAACCACAGAGACGAGGCAGG,GAAAACAAAGAAACGAGGACAGA,0.1
ncf1,GAAAACCACAGAGACGAGGCAGG,GAAAACAAAGAAACGAGGACAGA,0.1
ncf1,GAAAACCACAGAGACGAGGCAGG,GCGAAACCACAGACGCGATGCAG,0.09
ncf1,GAAAACCACAGAGACGAGGCAGG,AAAACCTCAGAGACGAGGCTAGT,0.08
ncf1,GAAAACCACAGAGACGAGGCAGG,GGGAAATCAGGGCGACGAGGCAG,0.08
ncf1,GAAAACCACAGAGACGAGGCAGG,GAAACCACCGAAACAAGGCAAGG,0.08
ncf1,GAAAACCACAGAGACGAGGCAGG,GAAAACACACAGACACGGCCGGC,0.07
ncf1,GAAAACCACAGAGACGAGGCAGG,CGGAAAACAACGAGACAAGGCAA,0.07
ncf1,GAAAACCACAGAGACGAGGCAGG,GAGACCACAAAGACAAGGCACGT,0.07
ncf1,GAAAACCACAGAGACGAGGCAGG,CACCTGATGGACGCTCACCTGGC,0.07
ncf1,GAAAACCACAGAGACGAGGCAGG,AGGAAACCAAAGAGGAGAAGCAG,0.06
ncf1,GAAAACCACAGAGACGAGGCAGG,GAAACTGCGGAGACGGGGCAGGA,0.06
ncf1,GAAAACCACAGAGACGAGGCAGG,TGGAAATCACAGAGACGAGACAG,0.05
ncf1,GAAAACCACAGAGACGAGGCAGG,GCGAAACATCAGAGACGAAGCAA,0.04
ncf1,GAAAACCACAGAGACGAGGCAGG,CAAAACTCGGAGACGAGGCAAGC,0.04
ncf1,GAAAACCACAGAGACGAGGCAGG,TGTAAAACACAGAGAAGAGGTGG,0.04
ncf1,GAAAACCACAGAGACGAGGCAGG,TAAACTACAGACACGAAGCAAGT,0.04
ncf1,GAAAACCACAGAGACGAGGCAGG,AAAACCACAGAGATGATGCAGGT,0.04
ncf1,GAAAACCACAGAGACGAGGCAGG,AGTAAACCAAAGAGAAGAGGTAG,0.04
npy4r,GTGCTTATTTTGGGCTTGCTCGG,GACTTATTTTAGGCTTGTTTGGT,0.32
npy4r,GTGCTTATTTTGGGCTTGCTCGG,CGGGCCAATTCTGGGCTTTCTTG,0.31
npy4r,GTGCTTATTTTGGGCTTGCTCGG,TGGGCTTATATATAGCTTGCTTG,0.25
npy4r,GTGCTTATTTTGGGCTTGCTCGG,TGGGCTTATATATAGCTTGCTTG,0.25
npy4r,GTGCTTATTTTGGGCTTGCTCGG,TGGGCTTATATATAGCTTGCTTG,0.25
npy4r,GTGCTTATTTTGGGCTTGCTCGG,GGCAAATTTTGGGCTAGCTTGGA,0.23
npy4r,GTGCTTATTTTGGGCTTGCTCGG,GGCTTATATTAGTCTTGCTTGGC,0.23
npy4r,GTGCTTATTTTGGGCTTGCTCGG,GTCTTGGTATGGGCTTGCTGGGT,0.22
npy4r,GTGCTTATTTTGGGCTTGCTCGG,GTCTTGGTATGGGCTTGCTGGGT,0.22
npy4r,GTGCTTATTTTGGGCTTGCTCGG,GTCTTGGTATGGGCTTGCTGGGT,0.22
npy4r,GTGCTTATTTTGGGCTTGCTCGG,GGGTCTTGGTATGGGCTTGCTGG,0.22
npy4r,GTGCTTATTTTGGGCTTGCTCGG,GGGTCTTGGTATGGGCTTGCTGG,0.22
npy4r,GTGCTTATTTTGGGCTTGCTCGG,GGCTTATATCTAGCTTGCTTGGT,0.22
npy4r,GTGCTTATTTTGGGCTTGCTCGG,ACTGCTTGTTTTGGGCCTGCTGG,0.21
npy4r,GTGCTTATTTTGGGCTTGCTCGG,ATGGCTTCTTTTGGGCTTCCTTG,0.21
npy4r,GTGCTTATTTTGGGCTTGCTCGG,GGCTACTTTTGGGCTAGCTTGGA,0.2
npy4r,GTGCTTATTTTGGGCTTGCTCGG,TGCTAGTTTTGGGCTTGATTGGG,0.17
npy4r,GTGCTTATTTTGGGCTTGCTCGG,GTGCCTGGTTTTGGGCTTGCTAG,0.16
npy4r,GTGCTTATTTTGGGCTTGCTCGG,TGGGCTAGTTTTGGGCTAGTTTG,0.15
npy4r,GTGCTTATTTTGGGCTTGCTCGG,TGGGCTAGTTTTGGGCTAGTTTG,0.15
npy4r,GTGCTTATTTTGGGCTTGCTCGG,TGGGCTAGTTTTGAGCTTGCTAA,0.15
npy4r,GTGCTTATTTTGGGCTTGCTCGG,GCCTTTCTATGGGCTTGCTTGGT,0.14
npy4r,GTGCTTATTTTGGGCTTGCTCGG,GATTTATTTTGAGCTTGCTGAGC,0.14
npy4r,GTGCTTATTTTGGGCTTGCTCGG,GGCTTAATTGGGGCTTGTTTGGT,0.13
npy4r,GTGCTTATTTTGGGCTTGCTCGG,GGCTTAGTGAGGGCTTCCTGGGG,0.13
npy4r,GTGCTTATTTTGGGCTTGCTCGG,GGCTTATTTGGGGCTTATTTGGG,0.13
npy4r,GTGCTTATTTTGGGCTTGCTCGG,GGCTGAATTTGGTCTTGCTGGGA,0.12
npy4r,GTGCTTATTTTGGGCTTGCTCGG,GGGTATTATATTGTGCTTGCTAG,0.12
npy4r,GTGCTTATTTTGGGCTTGCTCGG,GACTCATTTGGGGCTTGATGGGA,0.12
npy4r,GTGCTTATTTTGGGCTTGCTCGG,TGGGATTATTTTGATCTTGCATG,0.12
npy4r,CGTTTTGACTGTGTGGCTGTTGG,ATTTTAACTGTGTGGCTGTCGGT,0.85
npy4r,CGTTTTGACTGTGTGGCTGTTGG,ATTTAGAGTATGTGGCTGTAGGA,0.45
npy4r,CGTTTTGACTGTGTGGCTGTTGG,AGGTTGTGGTTGTGTGACTGTTG,0.41
npy4r,CGTTTTGACTGTGTGGCTGTTGG,AGGTTTTGGTTGTGAGACTGTGG,0.4
npy4r,CGTTTTGACTGTGTGGCTGTTGG,CAGTTTTGACTGTGTAATTGTGG,0.4
npy4r,CGTTTTGACTGTGTGGCTGTTGG,GTTTAGACTGTCTGACTGTAGGT,0.36
npy4r,CGTTTTGACTGTGTGGCTGTTGG,GTTTTGAATATCTGGCTGTAGGA,0.36
npy4r,CGTTTTGACTGTGTGGCTGTTGG,AGGTCTTGAATGCGTGGCAGTGG,0.35
npy4r,CGTTTTGACTGTGTGGCTGTTGG,AGGTCTTGAATGCGTGGCAGTGG,0.35
npy4r,CGTTTTGACTGTGTGGCTGTTGG,AGGTCTTGAATGCGTGGCAGTGG,0.35
npy4r,CGTTTTGACTGTGTGGCTGTTGG,AGGTCTTGAATGCGTGGCAGTGG,0.35
npy4r,CGTTTTGACTGTGTGGCTGTTGG,AGGTCTTGAATGCGTGGCAGTGG,0.35
npy4r,CGTTTTGACTGTGTGGCTGTTGG,AGGTCTTGAATGCGTGGCAGTGG,0.35
npy4r,CGTTTTGACTGTGTGGCTGTTGG,GTCTTGAATGCGTGGCAGTGGGT,0.35
npy4r,CGTTTTGACTGTGTGGCTGTTGG,GTCTGGACTGTATGGCTGTAGGA,0.34
npy4r,CGTTTTGACTGTGTGGCTGTTGG,TTTTATACTGTATGGCTGTGGGA,0.29
npy4r,CGTTTTGACTGTGTGGCTGTTGG,TTATTTTGGCTGTGTGGATGTTG,0.29
npy4r,CGTTTTGACTGTGTGGCTGTTGG,GTTCTGAATGACTGGCTGTTGGT,0.29
npy4r,CGTTTTGACTGTGTGGCTGTTGG,GTGTTTTTATTGTGTGGCTGAGG,0.28
npy4r,CGTTTTGACTGTGTGGCTGTTGG,GTTTAGGGTGTGTGGCTTTGGGT,0.26
npy4r,CGTTTTGACTGTGTGGCTGTTGG,GTTTTGTTTGTGTGACTTTGGGA,0.25
npy4r,CGTTTTGACTGTGTGGCTGTTGG,CAGAGTTTAGCGTTTGCCACCGA,0.21
npy4r,CGTTTTGACTGTGTGGCTGTTGG,TTGTTTTGAATGTGTAACTGTCA,0.21
npy4r,CGTTTTGACTGTGTGGCTGTTGG,ATTTTGACTCTGTGGCTGAGGGT,0.2
npy4r,CGTTTTGACTGTGTGGCTGTTGG,AGGATTTTGCTGTGTGGCTTTTG,0.2
npy4r,CGTTTTGACTGTGTGGCTGTTGG,ACACACACACACACACACAGACG,0.2
npy4r,CGTTTTGACTGTGTGGCTGTTGG,CTTTTGAGTGTGTGGCATTTGGC,0.19
npy4r,CGTTTTGACTGTGTGGCTGTTGG,GTTTTGATTGTATGACTGTCAGA,0.19
npy4r,CGTTTTGACTGTGTGGCTGTTGG,GTTGTGTGTGTGTGGCTGTGGGA,0.17
npy4r,CGTTTTGACTGTGTGGCTGTTGG,GGTTTTACTGTGAAGCTGTCGGA,0.17
npy4r,AGCGCCGCTCAGTCAGCTGCAGG,CAGCGCTGCCCAATCAGCTGCAG,0.72
npy4r,AGCGCCGCTCAGTCAGCTGCAGG,GCGGCGCTCAGTCAGCTGCTGGA,0.6
npy4r,AGCGCCGCTCAGTCAGCTGCAGG,GTGCTGTCCAGTCAGCTGCGGGA,0.52
npy4r,AGCGCCGCTCAGTCAGCTGCAGG,CGGCGCAGCTCAAACAGCAGCTG,0.4
npy4r,AGCGCCGCTCAGTCAGCTGCAGG,GGGCCGCAAAATCAGCTGCAGGC,0.38
npy4r,AGCGCCGCTCAGTCAGCTGCAGG,GGGAGAAGATCAGTCAGCTGCAG,0.3
npy4r,AGCGCCGCTCAGTCAGCTGCAGG,GAGTCGCTCAGTCAGCTGATGGA,0.25
npy4r,AGCGCCGCTCAGTCAGCTGCAGG,AAGCTCAGCTCAGACAGCTGCTG,0.21
npy4r,AGCGCCGCTCAGTCAGCTGCAGG,TGGATCAGCTCAGTCAGCAGCTG,0.2
npy4r,AGCGCCGCTCAGTCAGCTGCAGG,GCGCTGGTCAGTCAGCTCCAGGT,0.19
npy4r,AGCGCCGCTCAGTCAGCTGCAGG,AGACGGCGCTCACTCAGCAGCAG,0.18
npy4r,AGCGCCGCTCAGTCAGCTGCAGG,AGGACCAGCTGAGTCAGCTGCCG,0.17
npy4r,AGCGCCGCTCAGTCAGCTGCAGG,GCACCGCTCACTCAGCGGCAGGG,0.16
npy4r,AGCGCCGCTCAGTCAGCTGCAGG,TTTGGCCATTTTCTGCCGTTTAT,0.16
npy4r,AGCGCCGCTCAGTCAGCTGCAGG,AGCATCCGCTCAGACAGCTGCAG,0.15
npy4r,AGCGCCGCTCAGTCAGCTGCAGG,CCGCACCGCCCAATCAGCTGCGA,0.14
npy4r,AGCGCCGCTCAGTCAGCTGCAGG,TGGAGGTACTCAGTCAGCTGCTA,0.13
npy4r,AGCGCCGCTCAGTCAGCTGCAGG,GTGCAGCACGGTCAGCTGCGAGC,0.1
npy4r,AGCGCCGCTCAGTCAGCTGCAGG,ACGCCCATCAGTCTGCTGCAGGA,0.08
npy4r,AGCGCCGCTCAGTCAGCTGCAGG,TGGCAGCTCAATCAGCTGCAAGA,0.07
npy4r,AGCGCCGCTCAGTCAGCTGCAGG,GGGAGCCGTTCAGGAAGCTGCTG,0.07
npy4r,AGCGCCGCTCAGTCAGCTGCAGG,GCGCCGCTCTGTCAGCATAGGGG,0.07
npy4r,AGCGCCGCTCAGTCAGCTGCAGG,TTGCCCCTCAGACAGCTGCCAGA,0.05
npy4r,AGCGCCGCTCAGTCAGCTGCAGG,AGGCGCTGCCCTGTCTGCTGCAG,0.05
npy4r,AGCGCCGCTCAGTCAGCTGCAGG,GCGCTGCTCAGACAGCCTCCAGG,0.05
npy4r,AGCGCCGCTCAGTCAGCTGCAGG,GAGCAGTGCAGTCAGCTGCGCGC,0.05
npy4r,AGCGCCGCTCAGTCAGCTGCAGG,CCGCCGCTGCTTCAGCTGCAGGA,0.04
npy4r,AGCGCCGCTCAGTCAGCTGCAGG,AGGCGGCCCTCATTCAGCTGCAA,0.04
npy4r,AGCGCCGCTCAGTCAGCTGCAGG,AGTCCCAGCTCAGTCAGTTGCCA,0.04
npy4r,AGCGCCGCTCAGTCAGCTGCAGG,TCACAGCTCAGTCAGCTGCAGAA,0.04
pdzk1,CGCGTGGAGCACGGCGAGGAGGG,ACGTGGAGGACAACGAGGAAGGG,0.23
pdzk1,CGCGTGGAGCACGGCGAGGAGGG,GCGCGGAACACGCCGAGAAAGGT,0.2
pdzk1,CGCGTGGAGCACGGCGAGGAGGG,GGGCGTGGAGCACTACGAGGGAG,0.17
pdzk1,CGCGTGGAGCACGGCGAGGAGGG,GGGCGTGGAGCACTGCGAGCAGG,0.13
pdzk1,CGCGTGGAGCACGGCGAGGAGGG,GCATGGAGCGCGGCGAGTAGAGG,0.1
pdzk1,CGCGTGGAGCACGGCGAGGAGGG,CTGCGTGGAGGTCGGCGAGGGAG,0.09
pdzk1,CGCGTGGAGCACGGCGAGGAGGG,CGGTGTGGACCACAGCAAGGACA,0.09
pdzk1,CGCGTGGAGCACGGCGAGGAGGG,AGACGAGGAGTACGGAGAGGACG,0.09
pdzk1,CGCGTGGAGCACGGCGAGGAGGG,CGGCGTGGGGAAAGGCGAAGAGA,0.08
pdzk1,CGCGTGGAGCACGGCGAGGAGGG,CGGGCTGAAGCTCGGCGAGGAAG,0.08
pdzk1,CGCGTGGAGCACGGCGAGGAGGG,AGGCGTGGAGCAATGCGAGCGAG,0.07
pdzk1,CGCGTGGAGCACGGCGAGGAGGG,GTGCGTGGAGAGCGGCGACGAGA,0.07
pdzk1,CGCGTGGAGCACGGCGAGGAGGG,GTTCATGGAGCAGGGCGAGGACA,0.07
pdzk1,CGCGTGGAGCACGGCGAGGAGGG,GGGCGTGGAGCTCTGCGAGAATG,0.07
pdzk1,CGCGTGGAGCACGGCGAGGAGGG,ACATGGAGGACGGAGAGGATGGA,0.07
pdzk1,CGCGTGGAGCACGGCGAGGAGGG,TTTGTTTCAAACAGATTACAAAA,0.06
pdzk1,CGCGTGGAGCACGGCGAGGAGGG,GGCCGTGGAGCTCCGCGAGTATG,0.06
pdzk1,CGCGTGGAGCACGGCGAGGAGGG,GGGCGTGGAGCTCCGCGAGCATG,0.06
pdzk1,CGCGTGGAGCACGGCGAGGAGGG,GCGTGGAGCTCCGCGAGCACGGG,0.06
pdzk1,CGCGTGGAGCACGGCGAGGAGGG,GCGTGGAGCTCCGCGAGCAAGGG,0.06
pdzk1,CGCGTGGAGCACGGCGAGGAGGG,AGACATGGAGCAGGGCGAGGTGA,0.05
pdzk1,CGCGTGGAGCACGGCGAGGAGGG,GCGTGTAGCGCTGCGAGCAGGGA,0.05
pdzk1,CGCGTGGAGCACGGCGAGGAGGG,AGGCGTAGAGGACGGCGGGAACG,0.05
pdzk1,CGCGTGGAGCACGGCGAGGAGGG,CGGCGTGGAGCGAGGAGAGCAGG,0.05
pdzk1,CGCGTGGAGCACGGCGAGGAGGG,ATGTGGAGCACTGCGAGGAAAGG,0.05
pdzk1,CGCGTGGAGCACGGCGAGGAGGG,GCATGGAGCACCGCGAGCAGAGG,0.04
pdzk1,CGCGTGGAGCACGGCGAGGAGGG,GCGTGGAGCACCGCGAGCAAAGG,0.04
pdzk1,CGCGTGGAGCACGGCGAGGAGGG,GCGTGGAGCTCCACGAGCATGGG,0.04
pdzk1,CGCGTGGAGCACGGCGAGGAGGG,GCGTGGATCACTGCGAGGAGAGG,0.04
pdzk1,CGCGTGGAGCACGGCGAGGAGGG,GGGCGTGGAGCTCTGCGAGCATG,0.04
pdzk1,GGGTCACCTGATCCGAGCGCTGG,GATCATGTGATCCGAGCGCTGGA,0.35
pdzk1,GGGTCACCTGATCCGAGCGCTGG,AGAACCACCTGATCCGAGCTCAG,0.27
pdzk1,GGGTCACCTGATCCGAGCGCTGG,AAGGTCGCCTGATTCGAGCCCTG,0.2
pdzk1,GGGTCACCTGATCCGAGCGCTGG,GGTCACATGGTTCGAGCCCCGGC,0.13
pdzk1,GGGTCACCTGATCCGAGCGCTGG,CGGGGCTCCTGATCAGAGCTCGG,0.1
pdzk1,GGGTCACCTGATCCGAGCGCTGG,CGTCTGCTGCTCCGAGCGCTGGT,0.09
pdzk1,GGGTCACCTGATCCGAGCGCTGG,TAGGTCAGCTGATTCGAACGCAA,0.07
pdzk1,GGGTCACCTGATCCGAGCGCTGG,TGGTTCAGCTTATCAGAGCGCCG,0.07
pdzk1,GGGTCACCTGATCCGAGCGCTGG,GGGGTCACCTGCCCTGACCGCAG,0.07
pdzk1,GGGTCACCTGATCCGAGCGCTGG,AGCGTCACATGAGCCCAGCGCAG,0.06
pdzk1,GGGTCACCTGATCCGAGCGCTGG,AGTCTCCTCATTCGAGCGCGAGT,0.04
pdzk1,GGGTCACCTGATCCGAGCGCTGG,AGCGTCACATCATCCGAGCACGA,0.03
pdzk1,GGGTCACCTGATCCGAGCGCTGG,TGCATAACCTGCTCCGAGCGCCA,0.03
pdzk1,GGGTCACCTGATCCGAGCGCTGG,AGGATGACATCATCCGAGCGCAA,0.03
pdzk1,GGGTCACCTGATCCGAGCGCTGG,AGGGTCACCAGACCCAAGCGAGG,0.03
pdzk1,GGGTCACCTGATCCGAGCGCTGG,GGTCACGTGACCCGAGAGGAGGG,0.02
pdzk1,GGGTCACCTGATCCGAGCGCTGG,TAGGTCAGCTGATCAGAACGCAC,0.01
pdzk1,GGGTCACCTGATCCGAGCGCTGG,TAGCACCTGATACGAGCGCACGA,0.01
pdzk1,GGGTCACCTGATCCGAGCGCTGG,CTGGTCACCTGCTGTGAGCGCCA,0.01
pdzk1,GGGTCACCTGATCCGAGCGCTGG,CGAATGACGTGATCCGAGCGCAT,0.01
pdzk1,GGGTCACCTGATCCGAGCGCTGG,CGTCACCTGTTCCGAGAGTAAGT,0.01
pdzk1,GGGTCACCTGATCCGAGCGCTGG,GGAGGCACCTGGTCCGAGCGCCG,0.01
pdzk1,GGGTCACCTGATCCGAGCGCTGG,TGGAACACATTATCCGAGCGCGT,0.01
pdzk1,GGGTCACCTGATCCGAGCGCTGG,GGGGTGACCCGATCCGACCGACC,0.01
pdzk1,GGGTCACCTGATCCGAGCGCTGG,GGGCACCTGACCTGAGCGCAGCC,0.01
pdzk1,GGGTCACCTGATCCGAGCGCTGG,AGTGACCCGATCCGAGCGCGGTT,0.01
pdzk1,GGGTCACCTGATCCGAGCGCTGG,AAAGCCATCTGATCCGAGCGCGG,0.01
pdzk1,GGGTCACCTGATCCGAGCGCTGG,AAAGTGATCTGATCCGAGCGCGG,0.01
pdzk1,GGGTCACCTGATCCGAGCGCTGG,AGTGATCTGATCCGAGCGCGGTT,0.01
pdzk1,GGGTCACCTGATCCGAGCGCTGG,AAAGTGATCTGATCCGAGCGCGG,0.01
pdzk1,GCGCGCCGGAATGAAAGATATGG,GCAGCGCCAGAATGAGAGATAAG,0.39
pdzk1,GCGCGCCGGAATGAAAGATATGG,AGCGCCAGAATGAGAGATAAGGC,0.39
pdzk1,GCGCGCCGGAATGAAAGATATGG,AGCGCCAGAATGAGAGATAAGGC,0.39
pdzk1,GCGCGCCGGAATGAAAGATATGG,AGCGCCAGAATGAGAGATAAGGC,0.39
pdzk1,GCGCGCCGGAATGAAAGATATGG,GCAGCGCCAGAATGAGAGATAAG,0.39
pdzk1,GCGCGCCGGAATGAAAGATATGG,AGCGCCAGAATGAGAGATAAGGC,0.39
pdzk1,GCGCGCCGGAATGAAAGATATGG,GCAGCGCCAGAATGAGAGATAAG,0.39
pdzk1,GCGCGCCGGAATGAAAGATATGG,AGCGCGAGAATGAAAGATAAGGC,0.28
pdzk1,GCGCGCCGGAATGAAAGATATGG,ACAGCGCGAGAATGAAAGATAAG,0.28
pdzk1,GCGCGCCGGAATGAAAGATATGG,GGCCCCAAAATGTAAGATAAGGG,0.27
pdzk1,GCGCGCCGGAATGAAAGATATGG,TGGGTGCCAGAATTAAAAATATG,0.22
pdzk1,GCGCGCCGGAATGAAAGATATGG,GGCGCGAGAATGAGAGATAAGGC,0.22
pdzk1,GCGCGCCGGAATGAAAGATATGG,TGTGCGCGCGAATGAAAGATAGG,0.18
pdzk1,GCGCGCCGGAATGAAAGATATGG,GGAGACAGAAAGAAAGATAGAGG,0.16
pdzk1,GCGCGCCGGAATGAAAGATATGG,AAGGCGCCGAAATGGAAGATTTG,0.16
pdzk1,GCGCGCCGGAATGAAAGATATGG,AGTGGGCCAGACTGAAAGATACG,0.13
pdzk1,GCGCGCCGGAATGAAAGATATGG,GGCGTCTGAATGCAAGATACGGT,0.12
pdzk1,GCGCGCCGGAATGAAAGATATGG,TGCGCGCGAATGAGAGATAGGGA,0.12
pdzk1,GCGCGCCGGAATGAAAGATATGG,AGCGCAAGAATGAAAGATAAAGC,0.12
pdzk1,GCGCGCCGGAATGAAAGATATGG,GCAGCGCCAGAATGAGAGATAAA,0.1
pdzk1,GCGCGCCGGAATGAAAGATATGG,CGAGCGCAGGTGTGAAAGATAGA,0.09
pdzk1,GCGCGCCGGAATGAAAGATATGG,GGAGCAGGAATGAAACATTTGGG,0.09
pdzk1,GCGCGCCGGAATGAAAGATATGG,GGGGTGCCGGAAAATAAGATAAA,0.08
pdzk1,GCGCGCCGGAATGAAAGATATGG,TGCGCGGCGAAATGAAAAATAAA,0.05
pdzk1,GCGCGCCGGAATGAAAGATATGG,ATGTCGCCGGAATGATAGTTACG,0.05
pdzk1,GCGCGCCGGAATGAAAGATATGG,TGTGCGCACGAATGAGAGATAGA,0.05
pdzk1,GCGCGCCGGAATGAAAGATATGG,AGTACGCCCGAATGAGAGATAGA,0.05
pdzk1,GCGCGCCGGAATGAAAGATATGG,AGCGCGCAGGAATGGTAGATATG,0.05
pdzk1,GCGCGCCGGAATGAAAGATATGG,CTGGAGCTGGAATGACAGATAAA,0.05
pdzk1,GCGCGCCGGAATGAAAGATATGG,GGTGCCGGAATAAAAAATAAGAA,0.05
pdzk1,AGCGTCACATTGCATGTGCTTGG,TGGTGTAACATTACATGTGCTAG,0.6
pdzk1,AGCGTCACATTGCATGTGCTTGG,AAGTTACATTGCATGTGTTTGGC,0.31
pdzk1,AGCGTCACATTGCATGTGCTTGG,GCATCACATTTCATGTGCTTGGG,0.25
pdzk1,AGCGTCACATTGCATGTGCTTGG,CGGCGCCGCACTGCATGTCCTTG,0.18
pdzk1,AGCGTCACATTGCATGTGCTTGG,AGTAGTCACATCGCATGTGTTGG,0.17
pdzk1,AGCGTCACATTGCATGTGCTTGG,GCATCACATTGTTTGTGTTTGGC,0.16
pdzk1,AGCGTCACATTGCATGTGCTTGG,AGGTGTTACATTTCAAGTGCTAG,0.14
pdzk1,AGCGTCACATTGCATGTGCTTGG,ACGTTACATTGAATGTGTTTGGA,0.14
pdzk1,AGCGTCACATTGCATGTGCTTGG,CTGTGTAGCATTGCATGTGCTGA,0.12
pdzk1,AGCGTCACATTGCATGTGCTTGG,GCGTAACATTGCATATGTTCAGG,0.11
pdzk1,AGCGTCACATTGCATGTGCTTGG,CGGAGTCATACTGCATGTGCTTA,0.1
pdzk1,AGCGTCACATTGCATGTGCTTGG,GGGTTTGAGATTGCATGTGCTTG,0.08
pdzk1,AGCGTCACATTGCATGTGCTTGG,ACGTCTGATTGCATGTGCTGAGA,0.06
pdzk1,AGCGTCACATTGCATGTGCTTGG,TTGGGTCAGATTGCATGTACTAA,0.06
pdzk1,AGCGTCACATTGCATGTGCTTGG,GAGCCTCACATTGCCTGTGCATG,0.06
pdzk1,AGCGTCACATTGCATGTGCTTGG,ACTCCACATTGCATGTACTGAGA,0.06
pdzk1,AGCGTCACATTGCATGTGCTTGG,CGGCATCACATTGTATGTAGTTG,0.05
pdzk1,AGCGTCACATTGCATGTGCTTGG,GAGTGACATTGCGTGTGCTAAGA,0.05
pdzk1,AGCGTCACATTGCATGTGCTTGG,GAGTCACTCTGCATGCGCTTAGC,0.05
pdzk1,AGCGTCACATTGCATGTGCTTGG,TCACCTCACATTGCTTGTGCTGA,0.04
pdzk1,AGCGTCACATTGCATGTGCTTGG,AGGCTTCACACTGCATGTCTTTG,0.04
pdzk1,AGCGTCACATTGCATGTGCTTGG,GCATCACATTTCATATGTTAAGA,0.04
pdzk1,AGCGTCACATTGCATGTGCTTGG,AGACATGACATTGCATATGCTGC,0.04
pdzk1,AGCGTCACATTGCATGTGCTTGG,GCGCGTTATATTGCATGTGCTGG,0.04
pdzk1,AGCGTCACATTGCATGTGCTTGG,GCTCAACATTGCATATGCTGCGA,0.04
pdzk1,AGCGTCACATTGCATGTGCTTGG,GAATAACATTGCATGTTCTAGAT,0.03
pdzk1,AGCGTCACATTGCATGTGCTTGG,GCGTCTCAGAGCATGTACTGAGG,0.03
pdzk1,AGCGTCACATTGCATGTGCTTGG,ACGCCACGTTGCATGTCCTGCGA,0.03
pdzk1,AGCGTCACATTGCATGTGCTTGG,AGGCGTGAGATTGCTAGTGCTTA,0.03
pdzk1,AGCGTCACATTGCATGTGCTTGG,GCATTACATTACATGTGTTTGAA,0.02
ptpn20,GCAAGTCAGGTCTGTCTCAGAGG,AGGAAGTCAGGAAAGTCTCAGAG,0.37
ptpn20,GCAAGTCAGGTCTGTCTCAGAGG,GAAGACGGTCCTGTCTCAGAGGC,0.34
ptpn20,GCAAGTCAGGTCTGTCTCAGAGG,GAAGTAAGGTCTAACTCAGGGGT,0.33
ptpn20,GCAAGTCAGGTCTGTCTCAGAGG,TGGAGCTCAGGTCTGTCTTAAAG,0.3
ptpn20,GCAAGTCAGGTCTGTCTCAGAGG,GAAGTCAGTTTTGTATCTGAGGA,0.24
ptpn20,GCAAGTCAGGTCTGTCTCAGAGG,CAGATCAGGTCTGTCACAGTGGG,0.2
ptpn20,GCAAGTCAGGTCTGTCTCAGAGG,TGGAAGTTTGTTCAGTCTCAGTG,0.2
ptpn20,GCAAGTCAGGTCTGTCTCAGAGG,AAAGGCAGGTCTGTCTCACAGGA,0.19
ptpn20,GCAAGTCAGGTCTGTCTCAGAGG,AAATTCAGAACTGTCTCAGTGGA,0.18
ptpn20,GCAAGTCAGGTCTGTCTCAGAGG,GGGTGGTGAGGTTTGTCTCAGAG,0.11
ptpn20,GCAAGTCAGGTCTGTCTCAGAGG,TGAAAGTCAGATCTGACTCAAGA,0.11
ptpn20,GCAAGTCAGGTCTGTCTCAGAGG,AAACTCAGGTCTGACTCAAGAGT,0.09
ptpn20,GCAAGTCAGGTCTGTCTCAGAGG,GAAATCATGTCTGCCTCAGCGGC,0.09
ptpn20,GCAAGTCAGGTCTGTCTCAGAGG,CGAAAGTCAGATCAGTCTAAGGA,0.08
ptpn20,GCAAGTCAGGTCTGTCTCAGAGG,GAAGACAGGTCAGTCTCTGCAGG,0.08
ptpn20,GCAAGTCAGGTCTGTCTCAGAGG,GAAGACTGGTCTGTCCCAGGAGC,0.07
ptpn20,GCAAGTCAGGTCTGTCTCAGAGG,CTAGTCAGGCCTGTCTCCGAGGC,0.07
ptpn20,GCAAGTCAGGTCTGTCTCAGAGG,CAAATCTGGTCTGTCTCAGCAGG,0.06
ptpn20,GCAAGTCAGGTCTGTCTCAGAGG,TGTAAATCAGAGCTGTCTCAGAA,0.05
ptpn20,GCAAGTCAGGTCTGTCTCAGAGG,GAGGTCAGGTCTGTGTCTGTGGA,0.05
ptpn20,GCAAGTCAGGTCTGTCTCAGAGG,GGGAAAACAGATCGGTCTCAGGA,0.05
ptpn20,GCAAGTCAGGTCTGTCTCAGAGG,GGGATGTCAGGTCTGTTTTGGGG,0.05
ptpn20,GCAAGTCAGGTCTGTCTCAGAGG,CGAAAGTCAGCTCTGTCACAGGA,0.05
ptpn20,GCAAGTCAGGTCTGTCTCAGAGG,AAGAAGTCCGGTGTGTCTCAGTA,0.04
ptpn20,GCAAGTCAGGTCTGTCTCAGAGG,GAAGACATTTCTGTCGCAGTGGT,0.04
ptpn20,GCAAGTCAGGTCTGTCTCAGAGG,GAGTTCAGGTCTCTCTCTGGGGT,0.04
ptpn20,GCAAGTCAGGTCTGTCTCAGAGG,GGAGTCAGATTTGTCTCTGGAGT,0.04
ptpn20,GCAAGTCAGGTCTGTCTCAGAGG,GGGGAGTCAGATTTGTCTAAGGA,0.04
ptpn20,GCAAGTCAGGTCTGTCTCAGAGG,GGGGAGTCAGATTTGTCTAAGCA,0.04
ptpn20,GCAAGTCAGGTCTGTCTCAGAGG,ATGAAGTCATGTCTGTTTCAGCA,0.04
ptpn20,AGGGAGGGATGTGTTCGACATGG,GGGAGAGGTGTGTTCGTCATGGA,0.3
ptpn20,AGGGAGGGATGTGTTCGACATGG,GGGAGAGGTGTGTTTGACAGGGT,0.21
ptpn20,AGGGAGGGATGTGTTCGACATGG,TTGGGATTGAGGTGTTCGACAAG,0.19
ptpn20,AGGGAGGGATGTGTTCGACATGG,TGGGGGAGGAGGTGTTAGACAGA,0.09
ptpn20,AGGGAGGGATGTGTTCGACATGG,GAGGGAGGGTTGTGTTGGACAAG,0.08
ptpn20,AGGGAGGGATGTGTTCGACATGG,GAGAGGGAAGGGTTCAACAAAGA,0.08
ptpn20,AGGGAGGGATGTGTTCGACATGG,GGGATGGATGTATTTGGCATGGT,0.08
ptpn20,AGGGAGGGATGTGTTCGACATGG,GGGGGCTATGTGTTCAACACAGA,0.07
ptpn20,AGGGAGGGATGTGTTCGACATGG,GGGAGGGATGCGATAGAGAGGGG,0.07
ptpn20,AGGGAGGGATGTGTTCGACATGG,GGGTTGGTGGTGTTCGACAGGGT,0.07
ptpn20,AGGGAGGGATGTGTTCGACATGG,TGGGGGGGGATGAGTTCATCAGA,0.07
ptpn20,AGGGAGGGATGTGTTCGACATGG,GGGGGGGATGAGTTCATCAGAGG,0.07
ptpn20,AGGGAGGGATGTGTTCGACATGG,GGGAGGGAAAGGATCGACATAGG,0.07
ptpn20,AGGGAGGGATGTGTTCGACATGG,TGGGGGTGAATGTCTTCGACAGA,0.05
ptpn20,AGGGAGGGATGTGTTCGACATGG,AGGGAAGGGATGCATTCCACAGA,0.05
ptpn20,AGGGAGGGATGTGTTCGACATGG,GGGAGGGAAGAGCTCGACACAGC,0.05
ptpn20,AGGGAGGGATGTGTTCGACATGG,CGGGGAGGCACCTGTTTGACACG,0.04
ptpn20,AGGGAGGGATGTGTTCGACATGG,ACGGAAGGGAGGTGTTCGTCAGA,0.04
ptpn20,AGGGAGGGATGTGTTCGACATGG,ACGGAAGGGAGGTGTTCGTCAGA,0.04
ptpn20,AGGGAGGGATGTGTTCGACATGG,GGAAGGGGTGTGTTTGACGGAGA,0.04
ptpn20,AGGGAGGGATGTGTTCGACATGG,TGGAGAGACATGTTCGACATCGC,0.04
ptpn20,AGGGAGGGATGTGTTCGACATGG,GGGGGGGGGGTGTATTTGACAAA,0.04
ptpn20,AGGGAGGGATGTGTTCGACATGG,TGGCAACGGCTGTGTTCGACATA,0.03
ptpn20,AGGGAGGGATGTGTTCGACATGG,AGGGGGGGGTGGTGTTCGACTGA,0.03
ptpn20,AGGGAGGGATGTGTTCGACATGG,GGGTGGGATGTGTTAAACAACGA,0.03
ptpn20,AGGGAGGGATGTGTTCGACATGG,AGAGGAAGCCTGTGTTCGACATC,0.03
ptpn20,AGGGAGGGATGTGTTCGACATGG,GGGAGTTATGTGTCTGACACGGC,0.03
ptpn20,AGGGAGGGATGTGTTCGACATGG,GTAAGAGATGCGTTCGACATGAA,0.03
ptpn20,AGGGAGGGATGTGTTCGACATGG,GGGGGAGGGCTGCCTTCGTCAGA,0.03
ptpn20,AGGGAGGGATGTGTTCGACATGG,GGGAGGGGTGTGTTTGACTCAGA,0.03
ptpn20,GTGACATCAAGTCCCGAGGGAGG,TGGGACATATAGTCTCGATGGAG,0.19
ptpn20,GTGACATCAAGTCCCGAGGGAGG,TGGGACATATAGTCTCGACGGAG,0.14
ptpn20,GTGACATCAAGTCCCGAGGGAGG,GGACATATAGTCTCGACGGAGGA,0.14
ptpn20,GTGACATCAAGTCCCGAGGGAGG,GTACATAAAGTCCAGAGGGGGGA,0.07
ptpn20,GTGACATCAAGTCCCGAGGGAGG,TGGGAAATGAAATCACGAGGGAA,0.03
ptpn20,GTGACATCAAGTCCCGAGGGAGG,AGAGACATCAGGACCTGAGGGAG,0.03
ptpn20,GTGACATCAAGTCCCGAGGGAGG,AAGGACATCAAGTCCAGATCGCA,0.02
ptpn20,GTGACATCAAGTCCCGAGGGAGG,GGACGTCAAGTGCAGAGAGAGGC,0.02
ptpn20,GTGACATCAAGTCCCGAGGGAGG,AGGGACATGAAGCCCAGAGGAGC,0.01
ptpn20,GTGACATCAAGTCCCGAGGGAGG,GCTCATCAAGTCCAGAGGAAAGT,0.01
ptpn20,GTGACATCAAGTCCCGAGGGAGG,TGAGATGAAGTCCCGAGGGGGAC,0.01
ptpn20,GTGACATCAAGTCCCGAGGGAGG,GGACATGAGGGCCTGAGGGAGGT,0.01
ptpn20,GTGACATCAAGTCCCGAGGGAGG,GCACATCGAGTCCCGATGGCGAT,0.01
ptpn20,GTGACATCAAGTCCCGAGGGAGG,GGACGTGAAGCCCCGAAGGCTGT,0.01
ptpn20,GTGACATCAAGTCCCGAGGGAGG,TGGGAAATCAGGCCACGAGGGGC,0.01
ptpn20,GTGACATCAAGTCCCGAGGGAGG,TGGGACATATAGTCTCGACGGAG,0.01
ptpn20,GTGACATCAAGTCCCGAGGGAGG,GGGCACCAACTCCGGAGGGGGGT,0.01
ptpn20,GTGACATCAAGTCCCGAGGGAGG,AGACATCAAATGCCAAGGGTTGT,0
ptpn20,GTGACATCAAGTCCCGAGGGAGG,AAGGTCATCAAGTCACAAGGGAG,0
ptpn20,GTGACATCAAGTCCCGAGGGAGG,GCACATCATGTCACGAGGGTTGC,0
ptpn20,GTGACATCAAGTCCCGAGGGAGG,TGACATCAAGTCCTGTTGGTGGC,0
ptpn20,GTGACATCAAGTCCCGAGGGAGG,CAGGACATGAAGTCCAGAGAGGT,0
ptpn20,GTGACATCAAGTCCCGAGGGAGG,GGACTTCAATGCCCGAGTGGTGT,0
ptpn20,GTGACATCAAGTCCCGAGGGAGG,GGACAGGAAGTAACGAGGGAGAT,0
ptpn20,GTGACATCAAGTCCCGAGGGAGG,GTACATCTAGTCCTGATGGCAGT,0
ptpn20,GTGACATCAAGTCCCGAGGGAGG,GCACCTCAAGGCCCGAGGGTTGT,0
ptpn20,GTGACATCAAGTCCCGAGGGAGG,GGAAATTAAGTCCAGAGGTCTGA,0
ptpn20,GTGACATCAAGTCCCGAGGGAGG,GCGGACATCAAGTGCTGAGGCTG,0
ptpn20,GTGACATCAAGTCCCGAGGGAGG,GGACATCAGATCCCGGGAGATGC,0
ptpn20,GTGACATCAAGTCCCGAGGGAGG,GGTGACATCAAGACCCGTGGGGT,0
ptpn20,AGTGCACTGTAATGAGGAGACGG,TTGCCGTACCTCTGTGATTCGGC,0.33
ptpn20,AGTGCACTGTAATGAGGAGACGG,GTAAACTGTGATGAGGAGATGGC,0.33
ptpn20,AGTGCACTGTAATGAGGAGACGG,CTGTAAACTGTGATGAGGAGATG,0.33
ptpn20,AGTGCACTGTAATGAGGAGACGG,CAGTGTAATGTAATGAGGAAAGG,0.31
ptpn20,AGTGCACTGTAATGAGGAGACGG,GTGCACTGTCATAAAGAGATGGA,0.3
ptpn20,AGTGCACTGTAATGAGGAGACGG,GTGCACTGTGAAGAAGATAAGGA,0.3
ptpn20,AGTGCACTGTAATGAGGAGACGG,CAGTGCAAGGTAATGAGGTGAGG,0.25
ptpn20,AGTGCACTGTAATGAGGAGACGG,TGGTACACTGTAGCGAGGACAAG,0.23
ptpn20,AGTGCACTGTAATGAGGAGACGG,AGATGTACTGTAAAGAGGAGTGG,0.22
ptpn20,AGTGCACTGTAATGAGGAGACGG,TCGTGCACTGTAACAAGGACATG,0.19
ptpn20,AGTGCACTGTAATGAGGAGACGG,CTGCTGAGTAATGAGGAGAGGGG,0.19
ptpn20,AGTGCACTGTAATGAGGAGACGG,GAGCACTGTAAAGGGGTGAAGGA,0.16
ptpn20,AGTGCACTGTAATGAGGAGACGG,GTGCACCGTAATGGGCAGACGGC,0.15
ptpn20,AGTGCACTGTAATGAGGAGACGG,GGCTGCATTGTAATGAAGAGAGA,0.15
ptpn20,AGTGCACTGTAATGAGGAGACGG,CTGCACAATCATGAGGAGAGGGG,0.14
ptpn20,AGTGCACTGTAATGAGGAGACGG,GAGTTCACTGTAATCAAGAGAAG,0.14
ptpn20,AGTGCACTGTAATGAGGAGACGG,TGGTGTACAGCAATGAGGACAGG,0.12
ptpn20,AGTGCACTGTAATGAGGAGACGG,GTGCACTGTGATGCAGATAGGGA,0.12
ptpn20,AGTGCACTGTAATGAGGAGACGG,GTGCACTGTAATGCAGACATGGA,0.11
ptpn20,AGTGCACTGTAATGAGGAGACGG,GTGCACTGTAATGAAGACAGAGT,0.1
ptpn20,AGTGCACTGTAATGAGGAGACGG,CGGTGCACTGCAATGCAGATAAG,0.1
ptpn20,AGTGCACTGTAATGAGGAGACGG,GGGCACTGTAAAGAGGAGAAAGT,0.09
ptpn20,AGTGCACTGTAATGAGGAGACGG,CTGCCCTGTAATGAAGAGAAAGT,0.08
ptpn20,AGTGCACTGTAATGAGGAGACGG,ACTTGCACTGTAAAGAAGAGATA,0.08
ptpn20,AGTGCACTGTAATGAGGAGACGG,GTGCACAATAACGTGGAGACGGA,0.08
ptpn20,AGTGCACTGTAATGAGGAGACGG,ATGTGCATTCTAATGAGGAAAAA,0.08
ptpn20,AGTGCACTGTAATGAGGAGACGG,TGGGACACAGAAATGAGGAGAAA,0.08
ptpn20,AGTGCACTGTAATGAGGAGACGG,AAATACACTGTAATGAGGACACA,0.08
ptpn20,AGTGCACTGTAATGAGGAGACGG,GTGCACTGTGATGCAGACACGGA,0.08
ptpn20,AGTGCACTGTAATGAGGAGACGG,GTGCACTGTGATGCAGACACGGA,0.08
srgap2,GGTCTTGCAGGAGCTGCACACGG,CTGTCTATCAGGAGCTGCACAGG,0.5
srgap2,GGTCTTGCAGGAGCTGCACACGG,ATCTTCGAAGAGCTGCACACGGA,0.35
srgap2,GGTCTTGCAGGAGCTGCACACGG,GTCCTGGCTGAGCTGCACAAGGG,0.3
srgap2,GGTCTTGCAGGAGCTGCACACGG,GTCTTGGATGAGCTGCTCAGGGG,0.26
srgap2,GGTCTTGCAGGAGCTGCACACGG,TGTGTGACGTTTATAAAATCATC,0.25
srgap2,GGTCTTGCAGGAGCTGCACACGG,TTCCTGCAGGAGCTGCGCAGGGC,0.25
srgap2,GGTCTTGCAGGAGCTGCACACGG,GTCTTGGAGGAACTGCTCGAGGC,0.23
srgap2,GGTCTTGCAGGAGCTGCACACGG,ATCTGACAGCAGCTGCACAAGGG,0.21
srgap2,GGTCTTGCAGGAGCTGCACACGG,GTCCTGGAGGGCCTGCACAGGGG,0.2
srgap2,GGTCTTGCAGGAGCTGCACACGG,CTCCTGGAGGACCTGCACACGGT,0.19
srgap2,GGTCTTGCAGGAGCTGCACACGG,ACGTCCTGCAGGAGCTGCACCAG,0.16
srgap2,GGTCTTGCAGGAGCTGCACACGG,TTCCGGCAGCAGCTGCACAGGGG,0.16
srgap2,GGTCTTGCAGGAGCTGCACACGG,GTCTAGGAGGAGCTGCACATAGA,0.14
srgap2,GGTCTTGCAGGAGCTGCACACGG,GTCCTGCTGGAGCTGCACCGGGC,0.14
srgap2,GGTCTTGCAGGAGCTGCACACGG,CTGTCCGGCAGGGGCTGCACAGA,0.11
srgap2,GGTCTTGCAGGAGCTGCACACGG,GTGTCCTACAGGAGCTGCGCACA,0.1
srgap2,GGTCTTGCAGGAGCTGCACACGG,TGATTTTGCAAGAGCAGCACAAA,0.09
srgap2,GGTCTTGCAGGAGCTGCACACGG,TTCTTTCAGCAGCAGCACAAGGC,0.09
srgap2,GGTCTTGCAGGAGCTGCACACGG,GCTCTGCAGGAGCTGCACAGAGA,0.09
srgap2,GGTCTTGCAGGAGCTGCACACGG,GTATTACAGGAGCTGCTCGAAGT,0.08
srgap2,GGTCTTGCAGGAGCTGCACACGG,ATCTTGAAGGAGCTGCAGAAGGT,0.07
srgap2,GGTCTTGCAGGAGCTGCACACGG,GTCTTGGATGAACTGCTCAGAGT,0.06
srgap2,GGTCTTGCAGGAGCTGCACACGG,CTGTCTTGCAGGTTCTGCACTTG,0.06
srgap2,GGTCTTGCAGGAGCTGCACACGG,CGGTCCTGCGGGAGCTGTCCACG,0.06
srgap2,GGTCTTGCAGGAGCTGCACACGG,ACGTCTTCCAGAAGCTGCATAAA,0.06
srgap2,GGTCTTGCAGGAGCTGCACACGG,AAATGTTTCAGGAGCTGCACAGA,0.06
srgap2,GGTCTTGCAGGAGCTGCACACGG,CTCTTGCAGGACTTGCACAAAGC,0.06
srgap2,GGTCTTGCAGGAGCTGCACACGG,TGGTCATGCAGGACCTGCACAGA,0.05
srgap2,GGTCTTGCAGGAGCTGCACACGG,GTCCATCAGGAGCTGCACAGCGT,0.05
srgap2,GGTCTTGCAGGAGCTGCACACGG,TGGTCTCGCAGGAACAACACACC,0.05
srgap2,CGCTGATCTGGGCGAAGCGTGGG,TGGAGGGTCTGGCCGAAGCGTCG,0.2
srgap2,CGCTGATCTGGGCGAAGCGTGGG,TCTGACCTGGGCGAAGTGTGGGC,0.2
srgap2,CGCTGATCTGGGCGAAGCGTGGG,TCTGACCTGGGCGAAGTGTGGGC,0.2
srgap2,CGCTGATCTGGGCGAAGCGTGGG,TCTGACCTGGGCGAAGTGTGGGC,0.2
srgap2,CGCTGATCTGGGCGAAGCGTGGG,TCTCTGACCTGGGCGAAGTGTGG,0.2
srgap2,CGCTGATCTGGGCGAAGCGTGGG,TCTCTGACCTGGGCGAAGTGTGG,0.2
srgap2,CGCTGATCTGGGCGAAGCGTGGG,TGGCTGAGCGGGGTGGAGCGTAG,0.17
srgap2,CGCTGATCTGGGCGAAGCGTGGG,GGGCTGATTTGTGTGAAGCGATG,0.13
srgap2,CGCTGATCTGGGCGAAGCGTGGG,GCTGTTCTGGATGCAGCGTAGGG,0.13
srgap2,CGCTGATCTGGGCGAAGCGTGGG,ACTAATCTGGGCGAAGCAGTGGC,0.09
srgap2,CGCTGATCTGGGCGAAGCGTGGG,GCTGATTTGGGTGAGGCTTTGGG,0.08
srgap2,CGCTGATCTGGGCGAAGCGTGGG,GGGGTGATCTGGACAAAGCATCA,0.06
srgap2,CGCTGATCTGGGCGAAGCGTGGG,AAGCTGATTTGAGCAAAGCGTTC,0.06
srgap2,CGCTGATCTGGGCGAAGCGTGGG,GCTGCTCTGGATGAAGCGGTGGG,0.05
srgap2,CGCTGATCTGGGCGAAGCGTGGG,CGGCTGAACTGTGCGAAAAGTGA,0.04
srgap2,CGCTGATCTGGGCGAAGCGTGGG,ACTGATCGGGGGGAAGCGAGGGC,0.04
srgap2,CGCTGATCTGGGCGAAGCGTGGG,GCTCATCTGGGAAAAGAGTGAGG,0.03
srgap2,CGCTGATCTGGGCGAAGCGTGGG,GTGGATCTGGATGAAGCGTTCGG,0.03
srgap2,CGCTGATCTGGGCGAAGCGTGGG,AGGCTGATCGGGGAGGAGCGGGG,0.03
srgap2,CGCTGATCTGGGCGAAGCGTGGG,GTGCTGACCTTGGCGAAGCGGCA,0.03
srgap2,CGCTGATCTGGGCGAAGCGTGGG,TGGCTGATCCGACCGAAGCGACG,0.02
srgap2,CGCTGATCTGGGCGAAGCGTGGG,GCTGATCTGGGGGCAGAGTTGGG,0.02
srgap2,CGCTGATCTGGGCGAAGCGTGGG,GCAGATCTGGTTGAAGCCTGAGT,0.01
srgap2,CGCTGATCTGGGCGAAGCGTGGG,AGGGGGATCTGGGCTAAGTGTGA,0.01
srgap2,CGCTGATCTGGGCGAAGCGTGGG,GAGCTCTTCTGGGTGAAGCGTTT,0.01
srgap2,CGCTGATCTGGGCGAAGCGTGGG,GCTGATCTGGGAGCAGCGACAGG,0.01
srgap2,CGCTGATCTGGGCGAAGCGTGGG,TGGATCATCTGAGCGCAGCGTTG,0.01
srgap2,CGCTGATCTGGGCGAAGCGTGGG,GCTAATCAGGGTGAAGCGTTGCC,0.01
srgap2,CGCTGATCTGGGCGAAGCGTGGG,CCTGATCTGAGTGAAGTGTCTGA,0.01
srgap2,CGCTGATCTGGGCGAAGCGTGGG,TGGCTGGTGTGAGCGAAGCTTAT,0.01
srgap2,GAGAGAGTCAGGTGAGCGAGGGG,GGAAAGTCAAGTGAGAGAAGGGA,0.38
srgap2,GAGAGAGTCAGGTGAGCGAGGGG,AAGGAGAGACAGGAGAGCAAGTG,0.35
srgap2,GAGAGAGTCAGGTGAGCGAGGGG,GGAGAGACAGGAGAGCAAGTGGT,0.35
srgap2,GAGAGAGTCAGGTGAGCGAGGGG,AAGGAGAGACAGGAGAGCAAGTG,0.35
srgap2,GAGAGAGTCAGGTGAGCGAGGGG,GGGGAAACACAGGTGAGCAAGGG,0.33
srgap2,GAGAGAGTCAGGTGAGCGAGGGG,GCAGAATAAGATGAGCGAGGGGC,0.31
srgap2,GAGAGAGTCAGGTGAGCGAGGGG,GGGGAAAGCCACGTGAGCAAGGG,0.26
srgap2,GAGAGAGTCAGGTGAGCGAGGGG,AGAGAGAGTCTGCTGGGCGAGCG,0.26
srgap2,GAGAGAGTCAGGTGAGCGAGGGG,GGAGGCAGAGGTGAGCGAGCGGC,0.24
srgap2,GAGAGAGTCAGGTGAGCGAGGGG,TGGGCCAATAAGGTGAGCGAGAG,0.24
srgap2,GAGAGAGTCAGGTGAGCGAGGGG,TGGGAGTGTGAGGAAAGCGAGTG,0.23
srgap2,GAGAGAGTCAGGTGAGCGAGGGG,CGGGAAAGACAGGAGAGAGAGCG,0.22
srgap2,GAGAGAGTCAGGTGAGCGAGGGG,TGGGAGAGTCAAATGAGACAGTG,0.21
srgap2,GAGAGAGTCAGGTGAGCGAGGGG,TGGAAGATTCAGGAGAGCTAGAG,0.2
srgap2,GAGAGAGTCAGGTGAGCGAGGGG,CAGGAGAGTGAGGAGAGTGAGAG,0.18
srgap2,GAGAGAGTCAGGTGAGCGAGGGG,CGTGAGAGGAAGGTGAGCGACAG,0.17
srgap2,GAGAGAGTCAGGTGAGCGAGGGG,AGTGAGAGTGAGGTCAGCGAGGG,0.17
srgap2,GAGAGAGTCAGGTGAGCGAGGGG,GGGGTCTCAGGTGAGCGTGTGGA,0.17
srgap2,GAGAGAGTCAGGTGAGCGAGGGG,GGAGAAAAAGGTGAGCGAGGAGC,0.16
srgap2,GAGAGAGTCAGGTGAGCGAGGGG,CGGGACAGTGAGGAGAGAGAGAG,0.16
srgap2,GAGAGAGTCAGGTGAGCGAGGGG,GGAGAGTCAGGTGAACAAATAGA,0.15
srgap2,GAGAGAGTCAGGTGAGCGAGGGG,AAGGAGAGTCAGGTGAACAAATA,0.15
srgap2,GAGAGAGTCAGGTGAGCGAGGGG,TTCTGTACAATCTCAGACCTATT,0.15
srgap2,GAGAGAGTCAGGTGAGCGAGGGG,GGGGACACTCATGTGAGCAAGGG,0.14
srgap2,GAGAGAGTCAGGTGAGCGAGGGG,GGAGAGGCAGGCGGGCGGGCGGG,0.14
srgap2,GAGAGAGTCAGGTGAGCGAGGGG,GGAGAGTTGTGTGAGCAAGGGGT,0.13
srgap2,GAGAGAGTCAGGTGAGCGAGGGG,GGAAAGTCATGTGAGCATGGGGA,0.12
srgap2,GAGAGAGTCAGGTGAGCGAGGGG,GGAAAGTCAGCGGAGCGAGGGGT,0.12
srgap2,GAGAGAGTCAGGTGAGCGAGGGG,GGAGAGCGAGATAAGCGAGCAGG,0.11
srgap2,GAGAGAGTCAGGTGAGCGAGGGG,CGAGAGATTGAGGTGAGCGGGAG,0.11
srgap2,GTCTCCTGCTAAATTCCGAAAGG,GCTCCTGATAATATCCGAAGGGG,0.14
srgap2,GTCTCCTGCTAAATTCCGAAAGG,AGGCTCCTGCAGTATTCAGAATG,0.09
srgap2,GTCTCCTGCTAAATTCCGAAAGG,TGCCTCCTGCTCAGTTCTGAAAG,0.08
srgap2,GTCTCCTGCTAAATTCCGAAAGG,CTGCTCCTGCAAAAATCTGAACA,0.06
srgap2,GTCTCCTGCTAAATTCCGAAAGG,GCTCCTGTCAAATTCTGAATAGC,0.06
srgap2,GTCTCCTGCTAAATTCCGAAAGG,ATGCTCCTACTAAATTTCTAAGA,0.05
srgap2,GTCTCCTGCTAAATTCCGAAAGG,CCTCCTGCCACATTCCCAAAGGA,0.05
srgap2,GTCTCCTGCTAAATTCCGAAAGG,GCTTCTGCTAAATACTGAACAGA,0.04
srgap2,GTCTCCTGCTAAATTCCGAAAGG,ACTCCTGCTCAATCCTGAAAGGT,0.04
srgap2,GTCTCCTGCTAAATTCCGAAAGG,TCGGTCCTGCTAAATTCCCCAGG,0.04
srgap2,GTCTCCTGCTAAATTCCGAAAGG,AGCCTTCTGCTACTTTCCGAAAG,0.03
srgap2,GTCTCCTGCTAAATTCCGAAAGG,TGTGTCCTGCTAAATTCCAATTA,0.03
srgap2,GTCTCCTGCTAAATTCCGAAAGG,GCCCCAGCTAAATTCACAACAGT,0.03
srgap2,GTCTCCTGCTAAATTCCGAAAGG,GCTCCTGCCAAATTTCAAATAGA,0.03
srgap2,GTCTCCTGCTAAATTCCGAAAGG,GCTCCTGCCAAATTTCTAATAGT,0.03
srgap2,GTCTCCTGCTAAATTCCGAAAGG,TGGCTCCTATTACATTCAGAATA,0.03
srgap2,GTCTCCTGCTAAATTCCGAAAGG,CAGCTCCTTCTGAATTCCGAATG,0.03
srgap2,GTCTCCTGCTAAATTCCGAAAGG,GCTCCAGTTACATTCAGAATAGA,0.02
srgap2,GTCTCCTGCTAAATTCCGAAAGG,GCTCCAGTTACATTCAGAATAGA,0.02
srgap2,GTCTCCTGCTAAATTCCGAAAGG,GCTCCAGTTACATTCAGAATAGA,0.02
srgap2,GTCTCCTGCTAAATTCCGAAAGG,GGTCCTGCTGAAATCTGAAGAGC,0.02
srgap2,GTCTCCTGCTAAATTCCGAAAGG,GACCTCCTGCTAATTTCCCAACA,0.02
srgap2,GTCTCCTGCTAAATTCCGAAAGG,GCGGTCCTGCAAAATTCCTAAAC,0.02
srgap2,GTCTCCTGCTAAATTCCGAAAGG,TGTCTCCTGCTGTATACCGAACA,0.02
srgap2,GTCTCCTGCTAAATTCCGAAAGG,GTGCTCCTGCCAAATTTCCAATA,0.02
srgap2,GTCTCCTGCTAAATTCCGAAAGG,GCTCCTGCCAAATTTCCAATAGT,0.02
srgap2,GTCTCCTGCTAAATTCCGAAAGG,GCTCCTGCCAAATTTCCAATAGT,0.02
srgap2,GTCTCCTGCTAAATTCCGAAAGG,GCTCCTGCCAAATTTCCAATAGT,0.02
srgap2,GTCTCCTGCTAAATTCCGAAAGG,TCCCTCCTGGTAAATTCCGATCC,0.02
srgap2,GTCTCCTGCTAAATTCCGAAAGG,GGGTTCATGCTAAATTACGAGAT,0.02
